[
  {
    "_id": {
      "$oid": "65b0da0d506a3fb99c50f223"
    },
    "transfer": [
      {
        "base_amount": "55",
        "distance_amount": 2.78,
        "cartype": "sedan",
        "carname": "EXECUTIVE SEDAN",
        "base_distance": "10"
      },
      {
        "base_amount": 65,
        "distance_amount": 3.5,
        "cartype": "suv",
        "carname": "EXECUTIVE SUV",
        "base_distance": 10
      },
      {
        "base_amount": 190,
        "distance_amount": 17.36,
        "cartype": "van",
        "carname": "EXECUTIVE SPRINTER VAN",
        "base_distance": 10
      },
      {
        "base_amount": 45,
        "distance_amount": 2.14,
        "cartype": "economy",
        "carname": "ECONOMY CLASS",
        "base_distance": 10
      }
    ],
    "createdAt": {
      "$date": "2024-01-24T09:36:13.704Z"
    },
    "updatedAt": {
      "$date": "2024-01-29T09:48:47.904Z"
    },
    "__v": 0
  },
  {
    "_id": {
      "$oid": "65b0dae9506a3fb99c50f225"
    },
    "hour": [
      {
        "amount": 75,
        "cartype": "sedan",
        "carname": "EXECUTIVE SEDAN"
      },
      {
        "amount": 95,
        "cartype": "suv",
        "carname": "EXECUTIVE SUV"
      },
      {
        "amount": 190,
        "cartype": "van",
        "carname": "EXECUTIVE SPRINTER VAN"
      }
    ],
    "createdAt": {
      "$date": "2024-01-24T09:39:53.995Z"
    },
    "updatedAt": {
      "$date": "2024-01-25T09:49:26.706Z"
    },
    "__v": 0
  },
  {
    "_id": {
      "$oid": "65b1e9b947c0fe98ef229569"
    },
    "createdAt": {
      "$date": "2024-01-24T04:55:21.881Z"
    },
    "updatedAt": {
      "$date": "2024-01-25T10:58:23.554Z"
    },
    "__v": 0,
    "meetgreet": {
      "amount": 35
    }
  },
  {
    "_id": {
      "$oid": "65b240176ada73f89375cc2d"
    },
    "surgecharge": {
      "timesurgecharge": 25,
      "returneventsurgecharge": 114,
      "eventfromsurgecharge": 76,
      "eventtosurgecharge": 38
    },
    "createdAt": {
      "$date": "2024-01-25T11:03:51.653Z"
    },
    "updatedAt": {
      "$date": "2024-06-25T07:45:24.073Z"
    },
    "__v": 0
  },
  {
    "_id": {
      "$oid": "667a7744b57df78d3abcd90d"
    },
    "vehicle_model": [
      {
        "id": "suv123vehiclemodel",
        "name": "SUV"
      },
      {
        "id": "sedan123vehiclemodel",
        "name": "Sedan"
      },
      {
        "id": "van123vehiclemodel",
        "name": "Van"
      },
      {
        "id": "economy123vehiclemodel",
        "name": "Economy"
      }
    ],
    "createdAt": {
      "$date": "2024-06-25T07:52:36.673Z"
    },
    "updatedAt": {
      "$date": "2024-06-25T11:46:27.358Z"
    },
    "__v": 0
  }
]