[
  {
    "_id": {
      "$oid": "668271efd4dda5d650c3870a"
    },
    "first_name": "tanvi order1",
    "last_name": "naraniya",
    "email": "tanvinaraniya.hawkscode@gmail.com",
    "phone": "9876543210",
    "form_location": "{\"lat\":\"26.9124336\",\"lang\":\"75.7872709\"}",
    "to_location": "{\"lat\":\"24.585445\",\"lang\":\"73.712479\"}",
    "flight_number": "",
    "pikup_date": "24-07-11",
    "time": "02:40 PM",
    "num_passengers": "6",
    "num_luggage": "6",
    "book_return": "0",
    "returndate": "",
    "returntime": "",
    "returnflight": "",
    "aditional_info": "",
    "type": "home-tab",
    "tracking_id": "",
    "surgecharges": "",
    "beforesurgecharges": "NaN",
    "timesurgecharge": "0",
    "order_id": "132314A9XCKH5B6K8PHJ48",
    "from_location_name": "Jaipur, Rajasthan, India",
    "to_location_name": "Udaipur, Rajasthan, India",
    "created_date": "2024-07-01 05:07:59",
    "staff_id": "652d1c2d8b336f4afd50ea72",
    "transcation_id": "ch_3PXgDvDJsj5ubp2u12OYQNiX",
    "pay_mail_status": 1,
    "driver_id": "",
    "book_status": 0,
    "driver_note": "",
    "booking_by": "system",
    "billing_address": "",
    "zipcode": "",
    "city": "",
    "state": "",
    "base_amount": "898.11",
    "Status": {
      "isActive": 0
    },
    "createdAt": {
      "$date": "2024-07-01T09:07:59.567Z"
    },
    "updatedAt": {
      "$date": "2024-07-01T09:09:26.177Z"
    },
    "__v": 0,
    "car_type": "Executive SUV",
    "id": "132314A9XCKH5B6K8PHJ48",
    "amount": "1038",
    "gratuity": "89.81",
    "is_passenger": "1",
    "meetandgreet": "0",
    "other_pass_name": "",
    "other_pass_phone": "",
    "promo": "0",
    "promo_code": "",
    "tax": "49.40",
    "transaction_date": {
      "$date": "2024-07-01T09:09:26.176Z"
    }
  }
]