[
  {
    "_id": {
      "$oid": "652d1c2d8b336f4afd50ea72"
    },
    "name": "Tanvi Naraniya",
    "email": "tanvinaraniya.hawkscode@gmail.com",
    "phone": "+41-456314",
    "address": "udaipur city rajasthan",
    "profile_img": "/profile_image/1703138657472.jpeg",
    "role_id": "653a5735701359acc481de33",
    "password": "215fc919e4d497ec52c230c861901bf2303a21b55aec51bdc519872c4c05ac62397798ef80e91700266bb904532d10b77e677551aed69b3b4e1d7ce6ccc6ee1a",
    "salt": "18d9376e662a491799594aaaccb4444f",
    "token": "01o6b2VbgXIFCLk4CV1k2135TDRG2_G--FkvdR8L-BA",
    "createdAt": {
      "$date": "2023-10-16T11:19:09.979Z"
    },
    "updatedAt": {
      "$date": "2024-07-01T09:17:12.609Z"
    },
    "__v": 0,
    "status": 1,
    "invoice": "/orders/orders.xlsx",
    "forgottoken": null,
    "CreatedBy": "Tanvi Nar",
    "id": "652d1c2d8b336f4afd50ea72",
    "otp": "",
    "user_type": 1
  },
  {
    "_id": {
      "$oid": "6569677116641874d789d156"
    },
    "name": "vishal nagar",
    "email": "vishalnagar.hawkscode@gmail.com",
    "phone": "+41-45678821112",
    "password": "424efc08c98673071d845a224600db0a742f5518122f7983da37ee489997179bdf457bab01d002ab8c12d4c56c93f5612d9ea67c5147e3b6da054b085cea6830",
    "role_id": "6530fae0a3f16287f1b6ec13",
    "address": "jaipur",
    "status": 1,
    "salt": "ccf99320f48fa66542cea7ad63de2e55",
    "token": "uc9BLZ82nm1q36NYc18HaGoxWpXmYsNpNnH_37-kxYQ",
    "createdAt": {
      "$date": "2023-12-01T04:56:17.170Z"
    },
    "updatedAt": {
      "$date": "2024-01-22T11:15:44.431Z"
    },
    "__v": 0,
    "forgottoken": null,
    "profile_img": "/profile_image/1701756881020.jpeg",
    "otp": "",
    "CreatedBy": "vishal nagar",
    "id": "6569677116641874d789d156",
    "user_type": 1
  },
  {
    "_id": {
      "$oid": "6583d4cc35c829b872cb2bc9"
    },
    "name": "Driver1",
    "email": "tanvi@gmail.com",
    "phone": "9874563210",
    "password": "3ff6c18a775f979959193040a0b727d8483bbc72951b124cd209b29bc8b2b301219640ab26a0ac0be229fcffb8572ebb2672381e27d61b9e750b4c165fd8dcb1",
    "address": "jaipur",
    "role_id": "",
    "user_type": 2,
    "status": 1,
    "salt": "7fa1b0cd9297f18a9854283a346ca8d2",
    "token": "Ap-oL61JzoM-x54nJDKuJakX5cFpvuLs8L9UqSa4iFg",
    "createdAt": {
      "$date": "2023-12-21T06:01:48.717Z"
    },
    "updatedAt": {
      "$date": "2024-01-23T11:23:13.937Z"
    },
    "__v": 0,
    "otp": ""
  },
  {
    "_id": {
      "$oid": "65894b00220133c6ad836874"
    },
    "name": "ramiz khan",
    "email": "ramizkhan22.hawkscode@gmail.com",
    "phone": "+919983845366",
    "password": "ece9be488f4c3577b2d1fa50620434dbc7c60a2896b97b0b6053f8d8c0170a07021c4e142385c79013100811a11110ab4bd7f17f24833b1a5f1e2b674ee94cae",
    "role_id": "6530fae0a3f16287f1b6ec13",
    "address": "jaipur city rajasthan",
    "status": 1,
    "salt": "63d0f6644aa010d24a93ee1c8c3b9b90",
    "token": "AoBGnWDzplhpUYyNL1RGLUxcL0D2CLwCifMJCCqciWI",
    "createdAt": {
      "$date": "2023-12-25T09:27:28.993Z"
    },
    "updatedAt": {
      "$date": "2024-06-28T05:53:07.907Z"
    },
    "__v": 0,
    "user_type": 2,
    "otp": "",
    "profile_img": "/profile_image/1704261619448.png",
    "CreatedBy": "Tanvi Naraniya",
    "id": "65894b00220133c6ad836874",
    "role_select": {
      "value": "6530fae0a3f16287f1b6ec13",
      "label": "manager"
    },
    "forgottoken": null,
    "vehicle_model": "sedan123vehiclemodel",
    "vehicle_number": "12345"
  },
  {
    "_id": {
      "$oid": "659be302bdc4c495443d4b3a"
    },
    "name": "tanvi",
    "email": "tanvi@gmail.com",
    "phone": "682713812",
    "password": "3f87120b1d1ea68b5d4a8fa9273eb02eb86d6e7f13d7a7ba7ef8ffee72dd66328bef899da1b961020f84608e56f7e0a81dc27d2d9324125513bb55c616ff5245",
    "address": "wtp,malviya nagar,jaipur",
    "role_id": "",
    "user_type": 2,
    "status": 1,
    "salt": "ab3128517cfc98f5fb4c4355b7dbb7fc",
    "token": "jzSNC0EYcwJjmZBoGA-jimnJVQv0wxI1hQgNkOkMkTU",
    "createdAt": {
      "$date": "2024-01-08T11:56:50.002Z"
    },
    "updatedAt": {
      "$date": "2024-01-23T09:48:59.421Z"
    },
    "__v": 0,
    "CreatedBy": "vishal nagar",
    "id": "659be302bdc4c495443d4b3a"
  },
  {
    "_id": {
      "$oid": "667a90d815bc32cc5dc0b6d0"
    },
    "name": "dd",
    "email": "d@gmail.com",
    "phone": "565656",
    "password": "da3051c806f4d119f4508b068147cf294f5a88ca97d4f9ce3bdbbf89c4f9128b6ef2d1b2b9d461531f71da346f4467701b908064b3847e9901d4a02ec1a1d949",
    "address": "rerrrr",
    "vehicle_model": "suv123vehiclemodel",
    "vehicle_number": "dff",
    "role_id": "",
    "user_type": 2,
    "status": 1,
    "salt": "3cda702cd6c0226e548b07e516c68848",
    "token": "XdZvPDvPFkztS4_nA4DxuQ-QBFy7yciE6NHwjwrrNMs",
    "createdAt": {
      "$date": "2024-06-25T09:41:44.869Z"
    },
    "updatedAt": {
      "$date": "2024-06-25T09:41:44.869Z"
    },
    "__v": 0
  },
  {
    "_id": {
      "$oid": "667e8afd07710e84a4d936e8"
    },
    "email": "ramizkhan.hawkscode@gmail.com",
    "customer_id": "66825f506ce556757292c438",
    "user_type": 3,
    "otp": 73491,
    "createdAt": {
      "$date": "2024-06-28T10:05:49.976Z"
    },
    "updatedAt": {
      "$date": "2024-07-01T07:48:32.375Z"
    },
    "__v": 0
  },
  {
    "_id": {
      "$oid": "66826eda755578b073935f1b"
    },
    "email": "lakshya.sharma9928@gmail.com",
    "user_type": 3,
    "otp": "",
    "createdAt": {
      "$date": "2024-07-01T08:54:50.291Z"
    },
    "updatedAt": {
      "$date": "2024-07-01T08:54:50.291Z"
    },
    "__v": 0
  }
]