[
  {
    "_id": {
      "$oid": "65950eb23dabf8a8d68e50ec"
    },
    "expense_type": "test2",
    "status": 2,
    "createdAt": {
      "$date": "2024-01-03T07:37:22.040Z"
    },
    "updatedAt": {
      "$date": "2024-01-03T07:37:22.040Z"
    },
    "__v": 0
  },
  {
    "_id": {
      "$oid": "65954f1735bdf1516a9f35ad"
    },
    "expense_type": "operation",
    "status": 1,
    "createdAt": {
      "$date": "2024-01-03T12:12:08.161Z"
    },
    "updatedAt": {
      "$date": "2024-01-03T12:12:08.161Z"
    },
    "__v": 0
  },
  {
    "_id": {
      "$oid": "65a0ca80a96931c4ea678387"
    },
    "expense_type": "software",
    "status": 1,
    "createdAt": {
      "$date": "2024-01-12T05:13:37.366Z"
    },
    "updatedAt": {
      "$date": "2024-01-12T05:13:37.366Z"
    },
    "__v": 0
  }
]