[
  {
    "_id": {
      "$oid": "659676d21f579546f07988a3"
    },
    "exp_type": "65954f1735bdf1516a9f35ad",
    "exp": "software",
    "amount": "300",
    "comment": "its builts",
    "status": 1,
    "createdAt": {
      "$date": "2024-04-30T09:13:54.550Z"
    },
    "updatedAt": {
      "$date": "2024-01-04T09:14:26.191Z"
    },
    "__v": 0
  },
  {
    "_id": {
      "$oid": "6596a847c9911b4bd1bfd849"
    },
    "exp_type": "65954f1735bdf1516a9f35ad",
    "exp": "test expenses",
    "amount": "60",
    "status": 1,
    "comment": "third message for expenses",
    "createdAt": {
      "$date": "2024-06-24T12:44:55.743Z"
    },
    "updatedAt": {
      "$date": "2024-01-04T12:44:55.743Z"
    },
    "__v": 0
  },
  {
    "_id": {
      "$oid": "6596af8f8c89ae50ccec897c"
    },
    "exp_type": "65954f1735bdf1516a9f35ad",
    "exp": "test2 expenses",
    "amount": "60",
    "status": 1,
    "comment": "message for expenses",
    "createdAt": {
      "$date": "2024-06-29T13:15:59.706Z"
    },
    "updatedAt": {
      "$date": "2024-01-04T13:15:59.706Z"
    },
    "__v": 0
  },
  {
    "_id": {
      "$oid": "659cf164bdc2410724e53ff7"
    },
    "exp_type": "65954f1735bdf1516a9f35ad",
    "exp": "developer",
    "amount": "130",
    "comment": "test developer expenses",
    "status": 2,
    "createdAt": {
      "$date": "2024-01-09T07:10:28.463Z"
    },
    "updatedAt": {
      "$date": "2024-01-09T07:10:28.463Z"
    },
    "__v": 0
  },
  {
    "_id": {
      "$oid": "65aa5f64bf96aff53ba516ee"
    },
    "exp_type": "65950e42ec1cd933e121c8ae",
    "exp": "MY TEST",
    "amount": "500",
    "comment": "Just testing",
    "status": 2,
    "createdAt": {
      "$date": "2024-01-19T11:39:16.857Z"
    },
    "updatedAt": {
      "$date": "2024-01-19T11:54:22.317Z"
    },
    "__v": 0
  }
]