[
  {
    "_id": {
      "$oid": "667d25ac23fc9c30ba79b6a1"
    },
    "first_name": "tanvi order4",
    "last_name": "naraniya",
    "email": "tanvinaraniya.hawkscode@gmail.com",
    "phone": "9876543210",
    "form_location": "{\"lat\":\"26.9124336\",\"lang\":\"75.7872709\"}",
    "to_location": "{\"lat\":\"24.585445\",\"lang\":\"73.712479\"}",
    "flight_number": "",
    "pikup_date": "24-06-30",
    "time": "02:15 PM",
    "num_passengers": "1",
    "num_luggage": "1",
    "book_return": "0",
    "returndate": "",
    "returntime": "",
    "returnflight": "",
    "aditional_info": "",
    "type": "home-tab",
    "tracking_id": "",
    "surgecharges": "",
    "beforesurgecharges": "NaN",
    "timesurgecharge": "0",
    "order_id": "3104321FFDM2RZHCJSA1JQ",
    "from_location_name": "Jaipur, Rajasthan, India",
    "to_location_name": "Udaipur, Rajasthan, India",
    "created_date": "2024-06-27 04:41:15",
    "staff_id": "652d1c2d8b336f4afd50ea72",
    "transcation_id": "ch_3PWErVDJsj5ubp2u0zNjS0hs",
    "pay_mail_status": 1,
    "driver_id": "667a90d815bc32cc5dc0b6d0",
    "book_status": 1,
    "driver_note": "",
    "booking_by": "system",
    "billing_address": "",
    "zipcode": "",
    "city": "",
    "state": "",
    "base_amount": "898.11",
    "Status": {
      "isActive": 1
    },
    "createdAt": {
      "$date": "2024-06-27T08:41:16.262Z"
    },
    "updatedAt": {
      "$date": "2024-06-27T13:26:53.029Z"
    },
    "__v": 0,
    "car_type": "Executive SUV",
    "id": "3104321FFDM2RZHCJSA1JQ",
    "amount": "1078",
    "gratuity": "93.31",
    "is_passenger": "1",
    "meetandgreet": "35",
    "other_pass_name": "",
    "other_pass_phone": "",
    "promo": "0",
    "promo_code": "",
    "tax": "51.32",
    "transaction_date": {
      "$date": "2024-06-27T09:43:42.586Z"
    },
    "assignamount": "100",
    "assigncomment": "ok",
    "driver_assign_date": {
      "$date": "2024-06-27T13:26:53.028Z"
    },
    "vehicle_model": "sedan123vehiclemodel"
  },
  {
    "_id": {
      "$oid": "667d5b2480f26c4938e3b462"
    },
    "organization_id": "1001",
    "order_id": "144572S3MD1QTMDUFKWGIS",
    "car_type": "Executive Sedan",
    "first_name": "ramiz",
    "last_name": "khan",
    "email": "ramizkhan.hawkscode@gmail.com",
    "phone": "+919983845366",
    "air_line": "air_line",
    "flight_number": "DL778",
    "form_location": "{\"lat\":\"33.6361496\",\"lang\":\"-84.4293764\"}",
    "to_location": "{\"lat\":\"33.62608670000001\",\"lang\":\"-84.46263460000002\"}",
    "from_location_name": "Hartsfield–Jackson Atlanta International Airport (ATL) (ATL), North Terminal Parkway, Atlanta, GA, USA",
    "to_location_name": "2301 Sullivan Road, College Park, GA, USA",
    "pikup_date": "2023-08-21",
    "num_passengers": 3,
    "num_luggage": 2,
    "book_return": 1,
    "returndate": 2,
    "returntime": "testing-return-time",
    "returnflight": "0000-00-00",
    "aditional_info": "testing stripe gateway",
    "type": "home-tab",
    "hour": "2",
    "time": "3:00",
    "zipcode": "5616",
    "city": "jaipur",
    "staff_id": "6569677116641874d789d156",
    "transcation_id": "",
    "pay_mail_status": 0,
    "driver_id": "",
    "book_status": 0,
    "driver_note": "",
    "booking_by": "system",
    "surgecharges": "",
    "beforesurgecharges": "",
    "billing_address": "",
    "state": "",
    "tracking_id": "",
    "base_amount": 0,
    "timesurgecharge": 0,
    "Status": {
      "isActive": 0
    },
    "customer_id": "667d5b2480f26c4938e3b461",
    "createdAt": {
      "$date": "2024-06-27T12:29:24.891Z"
    },
    "updatedAt": {
      "$date": "2024-06-27T12:29:24.891Z"
    },
    "__v": 0
  },
  {
    "_id": {
      "$oid": "667e6c9ba847242b812f4eac"
    },
    "organization_id": "1001",
    "order_id": "144572S3MD1QTMDUFKWGISKSLS",
    "car_type": "Executive Sedan",
    "first_name": "Lakshay",
    "last_name": "Sharma",
    "email": "lakshaysharma.hawkscode@gmail.com",
    "phone": "+919983845366",
    "air_line": "air_line",
    "flight_number": "DL778",
    "form_location": "{\"lat\":\"33.6361496\",\"lang\":\"-84.4293764\"}",
    "to_location": "{\"lat\":\"33.62608670000001\",\"lang\":\"-84.46263460000002\"}",
    "from_location_name": "Hartsfield–Jackson Atlanta International Airport (ATL) (ATL), North Terminal Parkway, Atlanta, GA, USA",
    "to_location_name": "2301 Sullivan Road, College Park, GA, USA",
    "pikup_date": "2023-08-21",
    "num_passengers": 3,
    "num_luggage": 2,
    "book_return": 1,
    "returndate": 2,
    "returntime": "testing-return-time",
    "returnflight": "0000-00-00",
    "aditional_info": "testing stripe gateway",
    "type": "home-tab",
    "hour": "2",
    "time": "3:00",
    "zipcode": "5616",
    "city": "jaipur",
    "staff_id": "6569677116641874d789d156",
    "transcation_id": "",
    "pay_mail_status": 0,
    "driver_id": "65894b00220133c6ad836874",
    "book_status": 0,
    "driver_note": "",
    "booking_by": "system",
    "surgecharges": "",
    "beforesurgecharges": "",
    "billing_address": "",
    "state": "",
    "tracking_id": "",
    "base_amount": 0,
    "timesurgecharge": 0,
    "Status": {
      "isActive": 0
    },
    "createdAt": {
      "$date": "2024-06-28T07:56:11.691Z"
    },
    "updatedAt": {
      "$date": "2024-06-28T13:36:02.349Z"
    },
    "__v": 0,
    "assignamount": "200",
    "assigncomment": "ok",
    "currentlocation": {
      "latitude": "26.263863",
      "longitude": "73.008957"
    },
    "driver_assign_date": {
      "$date": "2024-06-28T07:58:36.349Z"
    },
    "vehicle_model": "sedan123vehiclemodel"
  },
  {
    "_id": {
      "$oid": "66824dbcd2085c20544c6d50"
    },
    "organization_id": "1001",
    "order_id": "144572S3MD1QTMDUFKWGISKSLS",
    "car_type": "Executive Sedan",
    "first_name": "Lakshay",
    "last_name": "Sharma",
    "email": "lakshaysharma.hawkscode@gmail.com",
    "phone": "+919983845366",
    "air_line": "air_line",
    "flight_number": "DL778",
    "form_location": "{\"lat\":\"33.6361496\",\"lang\":\"-84.4293764\"}",
    "to_location": "{\"lat\":\"33.62608670000001\",\"lang\":\"-84.46263460000002\"}",
    "from_location_name": "Hartsfield–Jackson Atlanta International Airport (ATL) (ATL), North Terminal Parkway, Atlanta, GA, USA",
    "to_location_name": "2301 Sullivan Road, College Park, GA, USA",
    "pikup_date": "2023-08-21",
    "num_passengers": 3,
    "num_luggage": 2,
    "book_return": 1,
    "returndate": 2,
    "returntime": "testing-return-time",
    "returnflight": "0000-00-00",
    "aditional_info": "testing stripe gateway",
    "type": "home-tab",
    "hour": "2",
    "time": "3:00",
    "zipcode": "5616",
    "city": "jaipur",
    "staff_id": "6569677116641874d789d156",
    "transcation_id": "",
    "pay_mail_status": 0,
    "driver_id": "",
    "book_status": 0,
    "driver_note": "",
    "booking_by": "system",
    "surgecharges": "",
    "beforesurgecharges": "",
    "billing_address": "",
    "state": "",
    "tracking_id": "",
    "base_amount": 0,
    "timesurgecharge": 0,
    "Status": {
      "isActive": 0
    },
    "createdAt": {
      "$date": "2024-07-01T06:33:32.480Z"
    },
    "updatedAt": {
      "$date": "2024-07-01T06:33:32.480Z"
    },
    "__v": 0
  },
  {
    "_id": {
      "$oid": "668251cfd2085c20544c6d59"
    },
    "organization_id": "1001",
    "order_id": "144572S3MD1QTMDUFKWGISKSLS",
    "car_type": "Executive Sedan",
    "first_name": "Lakshay",
    "last_name": "Sharma",
    "email": "lakshaysharma.hawkscode@gmail.com",
    "phone": "+919983845366",
    "air_line": "air_line",
    "flight_number": "DL778",
    "form_location": "{\"lat\":\"33.6361496\",\"lang\":\"-84.4293764\"}",
    "to_location": "{\"lat\":\"33.62608670000001\",\"lang\":\"-84.46263460000002\"}",
    "from_location_name": "Hartsfield–Jackson Atlanta International Airport (ATL) (ATL), North Terminal Parkway, Atlanta, GA, USA",
    "to_location_name": "2301 Sullivan Road, College Park, GA, USA",
    "pikup_date": "2023-08-21",
    "num_passengers": 3,
    "num_luggage": 2,
    "book_return": 1,
    "returndate": 2,
    "returntime": "testing-return-time",
    "returnflight": "0000-00-00",
    "aditional_info": "testing stripe gateway",
    "type": "home-tab",
    "hour": "2",
    "time": "3:00",
    "zipcode": "5616",
    "city": "jaipur",
    "staff_id": "6569677116641874d789d156",
    "transcation_id": "",
    "pay_mail_status": 0,
    "driver_id": "",
    "book_status": 0,
    "driver_note": "",
    "booking_by": "system",
    "surgecharges": "",
    "beforesurgecharges": "",
    "billing_address": "",
    "state": "",
    "tracking_id": "",
    "base_amount": 0,
    "timesurgecharge": 0,
    "Status": {
      "isActive": 0
    },
    "createdAt": {
      "$date": "2024-07-01T06:50:55.797Z"
    },
    "updatedAt": {
      "$date": "2024-07-01T06:50:55.797Z"
    },
    "__v": 0
  }
]