[
  {
    "_id": {
      "$oid": "65685c2079cb19d4d0b1cafb"
    },
    "message": "New Tanvi has been suspended",
    "CreatedBy": "Tanvi",
    "ReceiverId": "65685bf479cb19d4d0b1cae9",
    "createdAt": {
      "$date": "2023-11-30T09:55:44.777Z"
    },
    "updatedAt": {
      "$date": "2023-11-30T09:55:44.777Z"
    },
    "__v": 0
  },
  {
    "_id": {
      "$oid": "65685c3579cb19d4d0b1cb04"
    },
    "message": "New Tanvi has been activated",
    "CreatedBy": "Tanvi",
    "ReceiverId": "65685bf479cb19d4d0b1cae9",
    "createdAt": {
      "$date": "2023-11-30T09:56:05.685Z"
    },
    "updatedAt": {
      "$date": "2023-11-30T09:56:05.685Z"
    },
    "__v": 0
  },
  {
    "_id": {
      "$oid": "65685c3e79cb19d4d0b1cb12"
    },
    "message": "Tanvi has Updated your Details",
    "CreatedBy": "Tanvi",
    "ReceiverId": "65685bf479cb19d4d0b1cae9",
    "createdAt": {
      "$date": "2023-11-30T09:56:14.523Z"
    },
    "updatedAt": {
      "$date": "2023-11-30T09:56:14.523Z"
    },
    "__v": 0
  },
  {
    "_id": {
      "$oid": "65685c7579cb19d4d0b1cb1e"
    },
    "message": "Tanvi has Updated your Details",
    "CreatedBy": "Tanvi",
    "ReceiverId": "65685bf479cb19d4d0b1cae9",
    "createdAt": {
      "$date": "2023-11-30T09:57:09.360Z"
    },
    "updatedAt": {
      "$date": "2023-11-30T09:57:09.360Z"
    },
    "__v": 0
  },
  {
    "_id": {
      "$oid": "65685c7a79cb19d4d0b1cb25"
    },
    "message": "New Tanvi has been suspended",
    "CreatedBy": "Tanvi",
    "ReceiverId": "65685bf479cb19d4d0b1cae9",
    "createdAt": {
      "$date": "2023-11-30T09:57:14.222Z"
    },
    "updatedAt": {
      "$date": "2023-11-30T09:57:14.222Z"
    },
    "__v": 0
  },
  {
    "_id": {
      "$oid": "6568612849aa3e6a3f918bd2"
    },
    "message": "Tanvi has updated your details",
    "CreatedBy": "Tanvi",
    "ReceiverId": "65685bf479cb19d4d0b1cae9",
    "createdAt": {
      "$date": "2023-11-30T10:17:12.998Z"
    },
    "updatedAt": {
      "$date": "2023-11-30T10:17:12.998Z"
    },
    "__v": 0
  },
  {
    "_id": {
      "$oid": "65686267523061b5535ef659"
    },
    "message": "Tanvi has updated your details",
    "CreatedBy": "Tanvi",
    "ReceiverId": "65685bf479cb19d4d0b1cae9",
    "createdAt": {
      "$date": "2023-11-30T10:22:31.795Z"
    },
    "updatedAt": {
      "$date": "2023-11-30T10:22:31.795Z"
    },
    "__v": 0
  },
  {
    "_id": {
      "$oid": "6568657a2227bcf4c732979e"
    },
    "message": "Tanvi has updated your details",
    "CreatedBy": "Tanvi",
    "ReceiverId": "65685bf479cb19d4d0b1cae9",
    "createdAt": {
      "$date": "2023-11-30T10:35:38.324Z"
    },
    "updatedAt": {
      "$date": "2023-11-30T10:35:38.324Z"
    },
    "__v": 0
  },
  {
    "_id": {
      "$oid": "6568659a2227bcf4c73297a7"
    },
    "message": "Tanvi has updated your details",
    "CreatedBy": "Tanvi",
    "ReceiverId": "65685bf479cb19d4d0b1cae9",
    "createdAt": {
      "$date": "2023-11-30T10:36:10.324Z"
    },
    "updatedAt": {
      "$date": "2023-11-30T10:36:10.324Z"
    },
    "__v": 0
  },
  {
    "_id": {
      "$oid": "6571bb926e4691b529c7e352"
    },
    "message": "Tanvi N is updated the manager test role",
    "CreatedBy": "Tanvi N",
    "role_id": "6530fae0a3f16287f1b6ec13",
    "createdAt": {
      "$date": "2023-12-07T12:33:22.382Z"
    },
    "updatedAt": {
      "$date": "2023-12-07T12:33:22.382Z"
    },
    "__v": 0
  },
  {
    "_id": {
      "$oid": "6571bc85802316023500b09b"
    },
    "message": "testing is updated the tanvi7role role",
    "CreatedBy": "testing",
    "role_id": "6571bc48802316023500b080",
    "createdAt": {
      "$date": "2023-12-07T12:37:25.662Z"
    },
    "updatedAt": {
      "$date": "2023-12-07T12:37:25.662Z"
    },
    "__v": 0
  },
  {
    "_id": {
      "$oid": "6571bcb1802316023500b0ab"
    },
    "message": "testing is updated the tanvi7role role",
    "CreatedBy": "testing",
    "role_id": "6571bc48802316023500b080",
    "createdAt": {
      "$date": "2023-12-07T12:38:09.807Z"
    },
    "updatedAt": {
      "$date": "2023-12-07T12:38:09.807Z"
    },
    "__v": 0
  },
  {
    "_id": {
      "$oid": "6571bd986fe8e770ecfee4e5"
    },
    "message": "testing is updated the tanvi7role role",
    "CreatedBy": "testing",
    "role_id": "6571bc48802316023500b080",
    "createdAt": {
      "$date": "2023-12-07T12:42:00.897Z"
    },
    "updatedAt": {
      "$date": "2023-12-07T12:42:00.897Z"
    },
    "__v": 0
  },
  {
    "_id": {
      "$oid": "6571c90daff0a42cee09d1c1"
    },
    "message": "The new Order is Created Hartsfield–Jackson Atlanta International Airport (ATL) (ATL), North Terminal Parkway, Atlanta, GA, USA to 2301 Sullivan Road, College Park, GA, USA",
    "createdAt": {
      "$date": "2023-12-07T13:30:53.900Z"
    },
    "updatedAt": {
      "$date": "2023-12-07T13:30:53.900Z"
    },
    "__v": 0
  },
  {
    "_id": {
      "$oid": "6572bc37f10043c73a0734f5"
    },
    "message": "Tanvi N is updated the manager role",
    "CreatedBy": "Tanvi N",
    "role_id": "6530fae0a3f16287f1b6ec13",
    "createdAt": {
      "$date": "2023-12-08T06:48:23.088Z"
    },
    "updatedAt": {
      "$date": "2023-12-08T06:48:23.088Z"
    },
    "__v": 0
  },
  {
    "_id": {
      "$oid": "6572dadc9919dc893924bb95"
    },
    "message": "Tanvi N is updated the Admin role",
    "CreatedBy": "Tanvi N",
    "role_id": "653a5735701359acc481de33",
    "createdAt": {
      "$date": "2023-12-08T08:59:09.553Z"
    },
    "updatedAt": {
      "$date": "2023-12-08T08:59:09.553Z"
    },
    "__v": 0
  },
  {
    "_id": {
      "$oid": "6572e40c456b39e86d8cb666"
    },
    "message": "Tanvi N is updated the manager test role",
    "CreatedBy": "Tanvi N",
    "role_id": "6530fae0a3f16287f1b6ec13",
    "createdAt": {
      "$date": "2023-12-08T09:38:20.021Z"
    },
    "updatedAt": {
      "$date": "2023-12-08T09:38:20.021Z"
    },
    "__v": 0
  },
  {
    "_id": {
      "$oid": "6572e59bd27f4438bfdddb6a"
    },
    "message": "Tanvi N is updated the manager role",
    "CreatedBy": "Tanvi N",
    "role_id": "6530fae0a3f16287f1b6ec13",
    "createdAt": {
      "$date": "2023-12-08T09:44:59.700Z"
    },
    "updatedAt": {
      "$date": "2023-12-08T09:44:59.700Z"
    },
    "__v": 0
  },
  {
    "_id": {
      "$oid": "6572f25f049e64644cee1c42"
    },
    "message": "Tanvi N has updated your details",
    "CreatedBy": "Tanvi N",
    "ReceiverId": "652d1c2d8b336f4afd50ea72",
    "createdAt": {
      "$date": "2023-12-08T10:39:27.200Z"
    },
    "updatedAt": {
      "$date": "2023-12-08T10:39:27.200Z"
    },
    "__v": 0
  },
  {
    "_id": {
      "$oid": "6572f4286396792561c17085"
    },
    "message": "Tanvi N has updated your details",
    "CreatedBy": "Tanvi N",
    "ReceiverId": "656d7a00c8cef1dc7abc23ee",
    "createdAt": {
      "$date": "2023-12-08T10:47:04.471Z"
    },
    "updatedAt": {
      "$date": "2023-12-08T10:47:04.471Z"
    },
    "__v": 0
  },
  {
    "_id": {
      "$oid": "6572f4ce17e11ce02c1da41f"
    },
    "message": "Tanvi N has updated your details",
    "CreatedBy": "Tanvi N",
    "ReceiverId": "652d1c2d8b336f4afd50ea72",
    "createdAt": {
      "$date": "2023-12-08T10:49:50.697Z"
    },
    "updatedAt": {
      "$date": "2023-12-08T10:49:50.697Z"
    },
    "__v": 0
  },
  {
    "_id": {
      "$oid": "6572fa7c875b74b57621860b"
    },
    "message": "Tanvi N has updated your details",
    "CreatedBy": "Tanvi N",
    "ReceiverId": "652d1c2d8b336f4afd50ea72",
    "createdAt": {
      "$date": "2023-12-08T11:14:04.066Z"
    },
    "updatedAt": {
      "$date": "2023-12-08T11:14:04.066Z"
    },
    "__v": 0
  },
  {
    "_id": {
      "$oid": "6572fa9e875b74b576218622"
    },
    "message": "Tanvi N has updated your details",
    "CreatedBy": "Tanvi N",
    "ReceiverId": "652d1c2d8b336f4afd50ea72",
    "createdAt": {
      "$date": "2023-12-08T11:14:38.990Z"
    },
    "updatedAt": {
      "$date": "2023-12-08T11:14:38.990Z"
    },
    "__v": 0
  },
  {
    "_id": {
      "$oid": "6572faaa875b74b57621862f"
    },
    "message": "Tanvi Nar has updated your details",
    "CreatedBy": "Tanvi Nar",
    "ReceiverId": "652d1c2d8b336f4afd50ea72",
    "createdAt": {
      "$date": "2023-12-08T11:14:50.164Z"
    },
    "updatedAt": {
      "$date": "2023-12-08T11:14:50.164Z"
    },
    "__v": 0
  },
  {
    "_id": {
      "$oid": "6572fab1875b74b57621863c"
    },
    "message": "Tanvi Nar has updated your details",
    "CreatedBy": "Tanvi Nar",
    "ReceiverId": "652d1c2d8b336f4afd50ea72",
    "createdAt": {
      "$date": "2023-12-08T11:14:57.958Z"
    },
    "updatedAt": {
      "$date": "2023-12-08T11:14:57.958Z"
    },
    "__v": 0
  },
  {
    "_id": {
      "$oid": "6572fabc875b74b576218649"
    },
    "message": "Tanvi Nar has updated your details",
    "CreatedBy": "Tanvi Nar",
    "ReceiverId": "652d1c2d8b336f4afd50ea72",
    "createdAt": {
      "$date": "2023-12-08T11:15:08.301Z"
    },
    "updatedAt": {
      "$date": "2023-12-08T11:15:08.301Z"
    },
    "__v": 0
  },
  {
    "_id": {
      "$oid": "6572fac3875b74b576218656"
    },
    "message": "Tanvi Nar has updated your details",
    "CreatedBy": "Tanvi Nar",
    "ReceiverId": "652d1c2d8b336f4afd50ea72",
    "createdAt": {
      "$date": "2023-12-08T11:15:15.669Z"
    },
    "updatedAt": {
      "$date": "2023-12-08T11:15:15.669Z"
    },
    "__v": 0
  },
  {
    "_id": {
      "$oid": "6572faca875b74b576218663"
    },
    "message": "Tanvi Nar has updated your details",
    "CreatedBy": "Tanvi Nar",
    "ReceiverId": "652d1c2d8b336f4afd50ea72",
    "createdAt": {
      "$date": "2023-12-08T11:15:22.135Z"
    },
    "updatedAt": {
      "$date": "2023-12-08T11:15:22.135Z"
    },
    "__v": 0
  },
  {
    "_id": {
      "$oid": "6572fad2875b74b576218670"
    },
    "message": "Tanvi Nar has updated your details",
    "CreatedBy": "Tanvi Nar",
    "ReceiverId": "652d1c2d8b336f4afd50ea72",
    "createdAt": {
      "$date": "2023-12-08T11:15:30.943Z"
    },
    "updatedAt": {
      "$date": "2023-12-08T11:15:30.943Z"
    },
    "__v": 0
  },
  {
    "_id": {
      "$oid": "65730cb8875b74b576218727"
    },
    "message": "Tanvi Nar is updated the Admin role",
    "CreatedBy": "Tanvi Nar",
    "role_id": "653a5735701359acc481de33",
    "createdAt": {
      "$date": "2023-12-08T12:31:52.855Z"
    },
    "updatedAt": {
      "$date": "2023-12-08T12:31:52.855Z"
    },
    "__v": 0
  },
  {
    "_id": {
      "$oid": "6576969aafea771828d4c40f"
    },
    "message": "testing has updated your details",
    "CreatedBy": "testing",
    "ReceiverId": "6569677116641874d789d156",
    "createdAt": {
      "$date": "2023-12-11T04:56:59.410Z"
    },
    "updatedAt": {
      "$date": "2023-12-11T04:56:59.410Z"
    },
    "__v": 0
  },
  {
    "_id": {
      "$oid": "65769c659b5b2b8d9356f6bd"
    },
    "message": "testing has updated your details",
    "CreatedBy": "testing",
    "ReceiverId": "6569677116641874d789d156",
    "createdAt": {
      "$date": "2023-12-11T05:21:41.907Z"
    },
    "updatedAt": {
      "$date": "2023-12-11T05:21:41.907Z"
    },
    "__v": 0
  },
  {
    "_id": {
      "$oid": "6576a49b9b5b2b8d9356f72a"
    },
    "message": "Tanvi Nar is updated the Admin role",
    "CreatedBy": "Tanvi Nar",
    "role_id": "653a5735701359acc481de33",
    "createdAt": {
      "$date": "2023-12-11T05:56:43.512Z"
    },
    "updatedAt": {
      "$date": "2023-12-11T05:56:43.512Z"
    },
    "__v": 0
  },
  {
    "_id": {
      "$oid": "6576a4ca9b5b2b8d9356f76a"
    },
    "message": "Tanvi Nar has updated your details",
    "CreatedBy": "Tanvi Nar",
    "ReceiverId": "652d1c2d8b336f4afd50ea72",
    "createdAt": {
      "$date": "2023-12-11T05:57:30.168Z"
    },
    "updatedAt": {
      "$date": "2023-12-11T05:57:30.168Z"
    },
    "__v": 0
  },
  {
    "_id": {
      "$oid": "6576b0e4caf85cab3039a109"
    },
    "message": "ramiz has been activated",
    "CreatedBy": "Tanvi Naraniya",
    "ReceiverId": "6576b07bcaf85cab3039a102",
    "createdAt": {
      "$date": "2023-12-11T06:49:08.753Z"
    },
    "updatedAt": {
      "$date": "2023-12-11T06:49:08.753Z"
    },
    "__v": 0
  },
  {
    "_id": {
      "$oid": "6576b0f3caf85cab3039a10e"
    },
    "message": "ramiz has been suspended",
    "CreatedBy": "Tanvi Naraniya",
    "ReceiverId": "6576b07bcaf85cab3039a102",
    "createdAt": {
      "$date": "2023-12-11T06:49:23.362Z"
    },
    "updatedAt": {
      "$date": "2023-12-11T06:49:23.362Z"
    },
    "__v": 0
  },
  {
    "_id": {
      "$oid": "6576b0fdcaf85cab3039a113"
    },
    "message": "ramiz has been activated",
    "CreatedBy": "Tanvi Naraniya",
    "ReceiverId": "6576b07bcaf85cab3039a102",
    "createdAt": {
      "$date": "2023-12-11T06:49:33.454Z"
    },
    "updatedAt": {
      "$date": "2023-12-11T06:49:33.454Z"
    },
    "__v": 0
  },
  {
    "_id": {
      "$oid": "6576b11ecaf85cab3039a119"
    },
    "message": "Tanvi Naraniya has updated your details",
    "CreatedBy": "Tanvi Naraniya",
    "ReceiverId": "6576b07bcaf85cab3039a102",
    "createdAt": {
      "$date": "2023-12-11T06:50:06.061Z"
    },
    "updatedAt": {
      "$date": "2023-12-11T06:50:06.061Z"
    },
    "__v": 0
  },
  {
    "_id": {
      "$oid": "6576b12ecaf85cab3039a11f"
    },
    "message": "Tanvi Naraniya has updated your details",
    "CreatedBy": "Tanvi Naraniya",
    "ReceiverId": "6576b07bcaf85cab3039a102",
    "createdAt": {
      "$date": "2023-12-11T06:50:22.318Z"
    },
    "updatedAt": {
      "$date": "2023-12-11T06:50:22.318Z"
    },
    "__v": 0
  },
  {
    "_id": {
      "$oid": "6576b3becaf85cab3039a128"
    },
    "message": "The new order is created from Hartsfield–Jackson Atlanta International Airport (ATL) (ATL), North Terminal Parkway, Atlanta, GA, USA to 2301 Sullivan Road, College Park, GA, USA",
    "createdAt": {
      "$date": "2023-12-11T07:01:18.685Z"
    },
    "updatedAt": {
      "$date": "2023-12-11T07:01:18.685Z"
    },
    "__v": 0
  },
  {
    "_id": {
      "$oid": "6576b3d1caf85cab3039a12c"
    },
    "message": "The new order is created from Hartsfield–Jackson Atlanta International Airport (ATL) (ATL), North Terminal Parkway, Atlanta, GA, USA to 2301 Sullivan Road, College Park, GA, USA",
    "createdAt": {
      "$date": "2023-12-11T07:01:37.628Z"
    },
    "updatedAt": {
      "$date": "2023-12-11T07:01:37.628Z"
    },
    "__v": 0
  },
  {
    "_id": {
      "$oid": "6576b3d9caf85cab3039a130"
    },
    "message": "The new order is created from Hartsfield–Jackson Atlanta International Airport (ATL) (ATL), North Terminal Parkway, Atlanta, GA, USA to 2301 Sullivan Road, College Park, GA, USA",
    "createdAt": {
      "$date": "2023-12-11T07:01:45.623Z"
    },
    "updatedAt": {
      "$date": "2023-12-11T07:01:45.623Z"
    },
    "__v": 0
  },
  {
    "_id": {
      "$oid": "65780b53f820ebc371eaaa99"
    },
    "message": "The new order is created from Hartsfield–Jackson Atlanta International Airport (ATL) (ATL), North Terminal Parkway, Atlanta, GA, USA to 2301 Sullivan Road, College Park, GA, USA",
    "createdAt": {
      "$date": "2023-12-12T07:27:15.620Z"
    },
    "updatedAt": {
      "$date": "2023-12-12T07:27:15.620Z"
    },
    "__v": 0
  },
  {
    "_id": {
      "$oid": "65780b9e4bcd2c9caf401a44"
    },
    "message": "The new order is created from Hartsfield–Jackson Atlanta International Airport (ATL) (ATL), North Terminal Parkway, Atlanta, GA, USA to 2301 Sullivan Road, College Park, GA, USA",
    "createdAt": {
      "$date": "2023-12-12T07:28:30.018Z"
    },
    "updatedAt": {
      "$date": "2023-12-12T07:28:30.018Z"
    },
    "__v": 0
  },
  {
    "_id": {
      "$oid": "65780bca4bcd2c9caf401a48"
    },
    "message": "The new order is created from Hartsfield–Jackson Atlanta International Airport (ATL) (ATL), North Terminal Parkway, Atlanta, GA, USA to 2301 Sullivan Road, College Park, GA, USA",
    "createdAt": {
      "$date": "2023-12-12T07:29:14.799Z"
    },
    "updatedAt": {
      "$date": "2023-12-12T07:29:14.799Z"
    },
    "__v": 0
  },
  {
    "_id": {
      "$oid": "65781da91f9dc2e2c9264e35"
    },
    "message": "Tanvi Naraniya is updated the Admin role",
    "CreatedBy": "Tanvi Naraniya",
    "role_id": "653a5735701359acc481de33",
    "createdAt": {
      "$date": "2023-12-12T08:45:32.775Z"
    },
    "updatedAt": {
      "$date": "2023-12-12T08:45:32.775Z"
    },
    "__v": 0
  },
  {
    "_id": {
      "$oid": "657821d81e7d91522efade7b"
    },
    "message": "The new order is created from Hartsfield–Jackson Atlanta International Airport (ATL) (ATL), North Terminal Parkway, Atlanta, GA, USA to 2301 Sullivan Road, College Park, GA, USA",
    "createdAt": {
      "$date": "2023-12-12T09:03:20.427Z"
    },
    "updatedAt": {
      "$date": "2023-12-12T09:03:20.427Z"
    },
    "__v": 0
  },
  {
    "_id": {
      "$oid": "6578350b5919ef311ced53d5"
    },
    "message": "Tanvi Naraniya is updated the Admin role",
    "CreatedBy": "Tanvi Naraniya",
    "role_id": "653a5735701359acc481de33",
    "createdAt": {
      "$date": "2023-12-12T10:25:18.070Z"
    },
    "updatedAt": {
      "$date": "2023-12-12T10:25:18.070Z"
    },
    "__v": 0
  },
  {
    "_id": {
      "$oid": "6578537001cdf49bf319e3e3"
    },
    "message": "Tanvi Naraniya has updated your details",
    "CreatedBy": "Tanvi Naraniya",
    "ReceiverId": "65784dc8bcb474f873d60829",
    "createdAt": {
      "$date": "2023-12-12T12:34:56.973Z"
    },
    "updatedAt": {
      "$date": "2023-12-12T12:34:56.973Z"
    },
    "__v": 0
  },
  {
    "_id": {
      "$oid": "657858cdb07b620b3e859314"
    },
    "message": "Tanvi Naraniya has updated your details",
    "CreatedBy": "Tanvi Naraniya",
    "ReceiverId": "65784dc8bcb474f873d60829",
    "createdAt": {
      "$date": "2023-12-12T12:57:49.660Z"
    },
    "updatedAt": {
      "$date": "2023-12-12T12:57:49.660Z"
    },
    "__v": 0
  },
  {
    "_id": {
      "$oid": "657859900efeb955fd4eb0f4"
    },
    "message": "Tanvi Naraniya has updated your details",
    "CreatedBy": "Tanvi Naraniya",
    "ReceiverId": "65784dc8bcb474f873d60829",
    "createdAt": {
      "$date": "2023-12-12T13:01:04.641Z"
    },
    "updatedAt": {
      "$date": "2023-12-12T13:01:04.641Z"
    },
    "__v": 0
  },
  {
    "_id": {
      "$oid": "657859ba0efeb955fd4eb0f9"
    },
    "message": "TanviDriver has been suspended",
    "CreatedBy": "Tanvi Naraniya",
    "ReceiverId": "6578463b66d73d1db734feb2",
    "createdAt": {
      "$date": "2023-12-12T13:01:46.355Z"
    },
    "updatedAt": {
      "$date": "2023-12-12T13:01:46.355Z"
    },
    "__v": 0
  },
  {
    "_id": {
      "$oid": "657859ce0efeb955fd4eb108"
    },
    "message": "TanviDriver has been activated",
    "CreatedBy": "Tanvi Naraniya",
    "ReceiverId": "6578463b66d73d1db734feb2",
    "createdAt": {
      "$date": "2023-12-12T13:02:06.042Z"
    },
    "updatedAt": {
      "$date": "2023-12-12T13:02:06.042Z"
    },
    "__v": 0
  },
  {
    "_id": {
      "$oid": "657aa18265c275f65a44ef77"
    },
    "message": "The new order is created from Hartsfield–Jackson Atlanta International Airport (ATL) (ATL), North Terminal Parkway, Atlanta, GA, USA to 2301 Sullivan Road, College Park, GA, USA",
    "createdAt": {
      "$date": "2023-12-14T06:32:34.275Z"
    },
    "updatedAt": {
      "$date": "2023-12-14T06:32:34.275Z"
    },
    "__v": 0
  },
  {
    "_id": {
      "$oid": "657ac2f51c5e59064b1aeed7"
    },
    "message": "New driver is assigned from Hartsfield–Jackson Atlanta International Airport (ATL) (ATL), North Terminal Parkway, Atlanta, GA, USA to 2301 Sullivan Road, College Park, GA, USA",
    "driver_id": "65784b3eb7c980d3f672a1bf",
    "createdAt": {
      "$date": "2023-12-14T08:55:17.033Z"
    },
    "updatedAt": {
      "$date": "2023-12-14T08:55:17.033Z"
    },
    "__v": 0
  },
  {
    "_id": {
      "$oid": "657fe1e26e94147faa42784e"
    },
    "message": "The new order is created from Jaipur, Rajasthan, India to Udaipur, Rajasthan, India",
    "createdAt": {
      "$date": "2023-12-18T06:08:34.359Z"
    },
    "updatedAt": {
      "$date": "2023-12-18T06:08:34.359Z"
    },
    "__v": 0
  },
  {
    "_id": {
      "$oid": "65812136edf04c612b5af63d"
    },
    "message": "The new order is created from Udaipur, Rajasthan, India to Jaipur, Rajasthan, India",
    "createdAt": {
      "$date": "2023-12-19T04:51:02.024Z"
    },
    "updatedAt": {
      "$date": "2023-12-19T04:51:02.024Z"
    },
    "__v": 0
  },
  {
    "_id": {
      "$oid": "65812263466f713f15ba9d88"
    },
    "message": "The new order is created from Kota, Rajasthan, India to Jodhpur, Rajasthan, India",
    "createdAt": {
      "$date": "2023-12-19T04:56:03.459Z"
    },
    "updatedAt": {
      "$date": "2023-12-19T04:56:03.459Z"
    },
    "__v": 0
  },
  {
    "_id": {
      "$oid": "6581232c466f713f15ba9d95"
    },
    "message": "The new order is created from Udaipur, Rajasthan, India to Jaipur, Rajasthan, India",
    "createdAt": {
      "$date": "2023-12-19T04:59:24.359Z"
    },
    "updatedAt": {
      "$date": "2023-12-19T04:59:24.359Z"
    },
    "__v": 0
  },
  {
    "_id": {
      "$oid": "6583ce0b9feb20354b32075a"
    },
    "message": "The new order is created from Jaipur, Rajasthan, India to Kota, Rajasthan, India",
    "createdAt": {
      "$date": "2023-12-21T05:32:59.639Z"
    },
    "updatedAt": {
      "$date": "2023-12-21T05:32:59.639Z"
    },
    "__v": 0
  },
  {
    "_id": {
      "$oid": "6583cf5135c829b872cb2b79"
    },
    "message": "The new order is created from Jaipur, Rajasthan, India to Manali, Himachal Pradesh, India",
    "createdAt": {
      "$date": "2023-12-21T05:38:25.754Z"
    },
    "updatedAt": {
      "$date": "2023-12-21T05:38:25.754Z"
    },
    "__v": 0
  },
  {
    "_id": {
      "$oid": "6583d26435c829b872cb2b7f"
    },
    "message": "The new order is created from Jaipur, Rajasthan, India to Bangalore, Karnataka, India",
    "createdAt": {
      "$date": "2023-12-21T05:51:32.732Z"
    },
    "updatedAt": {
      "$date": "2023-12-21T05:51:32.732Z"
    },
    "__v": 0
  },
  {
    "_id": {
      "$oid": "6583d2e335c829b872cb2b86"
    },
    "message": "The new order is created from Jaipur, Rajasthan, India to Udaipur, Rajasthan, India",
    "createdAt": {
      "$date": "2023-12-21T05:53:39.534Z"
    },
    "updatedAt": {
      "$date": "2023-12-21T05:53:39.534Z"
    },
    "__v": 0
  },
  {
    "_id": {
      "$oid": "6583d39635c829b872cb2bb1"
    },
    "message": "The new order is created from Jaisalmer, Rajasthan, India to Udaipur, Rajasthan, India",
    "createdAt": {
      "$date": "2023-12-21T05:56:38.030Z"
    },
    "updatedAt": {
      "$date": "2023-12-21T05:56:38.030Z"
    },
    "__v": 0
  },
  {
    "_id": {
      "$oid": "6583d8f735c829b872cb2c96"
    },
    "message": "Tanvi Naraniya is updated the Admin role",
    "CreatedBy": "Tanvi Naraniya",
    "role_id": "653a5735701359acc481de33",
    "createdAt": {
      "$date": "2023-12-21T06:19:35.545Z"
    },
    "updatedAt": {
      "$date": "2023-12-21T06:19:35.545Z"
    },
    "__v": 0
  },
  {
    "_id": {
      "$oid": "6583d96a35c829b872cb2ccf"
    },
    "message": "Tanvi Naraniya is updated the Admin role",
    "CreatedBy": "Tanvi Naraniya",
    "role_id": "653a5735701359acc481de33",
    "createdAt": {
      "$date": "2023-12-21T06:21:30.456Z"
    },
    "updatedAt": {
      "$date": "2023-12-21T06:21:30.456Z"
    },
    "__v": 0
  },
  {
    "_id": {
      "$oid": "6583d9b935c829b872cb2d26"
    },
    "message": "Tanvi Naraniya is updated the Admin role",
    "CreatedBy": "Tanvi Naraniya",
    "role_id": "653a5735701359acc481de33",
    "createdAt": {
      "$date": "2023-12-21T06:22:49.314Z"
    },
    "updatedAt": {
      "$date": "2023-12-21T06:22:49.314Z"
    },
    "__v": 0
  },
  {
    "_id": {
      "$oid": "6584287c32e8b7b8e7746855"
    },
    "message": "Tanvi Naraniya is updated the tanvi7role role",
    "CreatedBy": "Tanvi Naraniya",
    "role_id": "6571bc48802316023500b080",
    "createdAt": {
      "$date": "2023-12-21T11:58:53.592Z"
    },
    "updatedAt": {
      "$date": "2023-12-21T11:58:53.592Z"
    },
    "__v": 0
  },
  {
    "_id": {
      "$oid": "65842f2b32e8b7b8e774689e"
    },
    "message": "Tanvi Naraniya is updated the Admin role",
    "CreatedBy": "Tanvi Naraniya",
    "role_id": "653a5735701359acc481de33",
    "createdAt": {
      "$date": "2023-12-21T12:27:23.148Z"
    },
    "updatedAt": {
      "$date": "2023-12-21T12:27:23.148Z"
    },
    "__v": 0
  },
  {
    "_id": {
      "$oid": "65852ecd8f3eb153878eb965"
    },
    "message": "Tanvi Naraniya is updated the manager role",
    "CreatedBy": "Tanvi Naraniya",
    "role_id": "6530fae0a3f16287f1b6ec13",
    "createdAt": {
      "$date": "2023-12-22T06:38:05.650Z"
    },
    "updatedAt": {
      "$date": "2023-12-22T06:38:05.650Z"
    },
    "__v": 0
  },
  {
    "_id": {
      "$oid": "65855fbace701f708f3b4004"
    },
    "message": "Tanvi Naraniya is updated the Admin role",
    "CreatedBy": "Tanvi Naraniya",
    "role_id": "653a5735701359acc481de33",
    "createdAt": {
      "$date": "2023-12-22T10:06:50.947Z"
    },
    "updatedAt": {
      "$date": "2023-12-22T10:06:50.947Z"
    },
    "__v": 0
  },
  {
    "_id": {
      "$oid": "65858edaf997ef1d48f03254"
    },
    "message": "Tanvi Naraniya is updated the Admin role",
    "CreatedBy": "Tanvi Naraniya",
    "role_id": "653a5735701359acc481de33",
    "createdAt": {
      "$date": "2023-12-22T13:27:54.996Z"
    },
    "updatedAt": {
      "$date": "2023-12-22T13:27:54.996Z"
    },
    "__v": 0
  },
  {
    "_id": {
      "$oid": "658a5dace48536b536a1d8b5"
    },
    "message": "Tanvi Naraniya is updated the manager role",
    "CreatedBy": "Tanvi Naraniya",
    "role_id": "6530fae0a3f16287f1b6ec13",
    "createdAt": {
      "$date": "2023-12-26T04:59:24.721Z"
    },
    "updatedAt": {
      "$date": "2023-12-26T04:59:24.721Z"
    },
    "__v": 0
  },
  {
    "_id": {
      "$oid": "658a9920ba44adaca0eea29b"
    },
    "message": "The new order is created from Hartsfield–Jackson Atlanta International Airport (ATL) (ATL), North Terminal Parkway, Atlanta, GA, USA to 2301 Sullivan Road, College Park, GA, USA",
    "createdAt": {
      "$date": "2023-12-26T09:13:04.554Z"
    },
    "updatedAt": {
      "$date": "2023-12-26T09:13:04.554Z"
    },
    "__v": 0
  },
  {
    "_id": {
      "$oid": "658ac6820bc0d3eac5c29525"
    },
    "message": "vishal is updated the manager role",
    "CreatedBy": "vishal",
    "role_id": "6530fae0a3f16287f1b6ec13",
    "createdAt": {
      "$date": "2023-12-26T12:26:42.687Z"
    },
    "updatedAt": {
      "$date": "2023-12-26T12:26:42.687Z"
    },
    "__v": 0
  },
  {
    "_id": {
      "$oid": "658c227011dd6c25a9be5387"
    },
    "message": "New driver is assigned from Jaipur, Rajasthan, India to Kota, Rajasthan, India",
    "driver_id": "",
    "createdAt": {
      "$date": "2023-12-27T13:11:12.614Z"
    },
    "updatedAt": {
      "$date": "2023-12-27T13:11:12.614Z"
    },
    "__v": 0
  },
  {
    "_id": {
      "$oid": "658c22f7fd6e0c1618ca15a2"
    },
    "message": "New driver is assigned from Jaipur, Rajasthan, India to Kota, Rajasthan, India",
    "driver_id": "6583d4cc35c829b872cb2bc9",
    "createdAt": {
      "$date": "2023-12-27T13:13:28.429Z"
    },
    "updatedAt": {
      "$date": "2023-12-27T13:13:28.429Z"
    },
    "__v": 0
  },
  {
    "_id": {
      "$oid": "658c22fefd6e0c1618ca15a7"
    },
    "message": "New driver is assigned from Jaipur, Rajasthan, India to Kota, Rajasthan, India",
    "driver_id": "6583d4cc35c829b872cb2bc9",
    "createdAt": {
      "$date": "2023-12-27T13:13:34.439Z"
    },
    "updatedAt": {
      "$date": "2023-12-27T13:13:34.439Z"
    },
    "__v": 0
  },
  {
    "_id": {
      "$oid": "658c231ffd6e0c1618ca15ac"
    },
    "message": "New driver is assigned from Jaipur, Rajasthan, India to Kota, Rajasthan, India",
    "driver_id": "fdgdggdfgdgdgdgdg",
    "createdAt": {
      "$date": "2023-12-27T13:14:07.390Z"
    },
    "updatedAt": {
      "$date": "2023-12-27T13:14:07.390Z"
    },
    "__v": 0
  },
  {
    "_id": {
      "$oid": "658c241d11dd6c25a9be538e"
    },
    "message": "New driver is assigned from Jaipur, Rajasthan, India to Kota, Rajasthan, India",
    "driver_id": "6583d4cc35c829b872cb2bc9",
    "createdAt": {
      "$date": "2023-12-27T13:18:21.396Z"
    },
    "updatedAt": {
      "$date": "2023-12-27T13:18:21.396Z"
    },
    "__v": 0
  },
  {
    "_id": {
      "$oid": "658c2676fd6e0c1618ca15f8"
    },
    "message": "New driver is assigned from Jaipur, Rajasthan, India to Kota, Rajasthan, India",
    "driver_id": "6583d4cc35c829b872cb2bc9",
    "createdAt": {
      "$date": "2023-12-27T13:28:22.979Z"
    },
    "updatedAt": {
      "$date": "2023-12-27T13:28:22.979Z"
    },
    "__v": 0
  },
  {
    "_id": {
      "$oid": "658eb203e1317f99e0e5862d"
    },
    "message": "The new order is created from Wtp, Jhalana Gram, Malviya Nagar, Jaipur, Rajasthan, India to Kota, Rajasthan, India",
    "createdAt": {
      "$date": "2023-12-29T11:48:19.424Z"
    },
    "updatedAt": {
      "$date": "2023-12-29T11:48:19.424Z"
    },
    "__v": 0
  },
  {
    "_id": {
      "$oid": "658eb3a5e1317f99e0e5863a"
    },
    "message": "The new order is created from Kailash Tower, Satya Vihar, Greater Kailash Colony, Vidhayak Nagar, Lalkothi, Jaipur, Rajasthan, India to Wtp, Jhalana Gram, Malviya Nagar, Jaipur, Rajasthan, India",
    "createdAt": {
      "$date": "2023-12-29T11:55:17.195Z"
    },
    "updatedAt": {
      "$date": "2023-12-29T11:55:17.195Z"
    },
    "__v": 0
  },
  {
    "_id": {
      "$oid": "658eb433e1317f99e0e58646"
    },
    "message": "The new order is created from SMS Hospital, Jawahar Lal Nehru Marg, Ashok Nagar, Jaipur, Rajasthan, India to Wtp, Jhalana Gram, Malviya Nagar, Jaipur, Rajasthan, India",
    "createdAt": {
      "$date": "2023-12-29T11:57:39.457Z"
    },
    "updatedAt": {
      "$date": "2023-12-29T11:57:39.457Z"
    },
    "__v": 0
  },
  {
    "_id": {
      "$oid": "658eb5b7e1317f99e0e58653"
    },
    "message": "The new order is created from Kota, Rajasthan, India to Jaipur International Airport (JAI), Airport Road, Sanganer, Jaipur, Rajasthan, India",
    "createdAt": {
      "$date": "2023-12-29T12:04:07.794Z"
    },
    "updatedAt": {
      "$date": "2023-12-29T12:04:07.794Z"
    },
    "__v": 0
  },
  {
    "_id": {
      "$oid": "658eb6ce4d8588212a33c41d"
    },
    "message": "The new order is created from Wtp, Jhalana Gram, Malviya Nagar, Jaipur, Rajasthan, India to SMS Hospital, Jawahar Lal Nehru Marg, Ashok Nagar, Jaipur, Rajasthan, India",
    "createdAt": {
      "$date": "2023-12-29T12:08:46.271Z"
    },
    "updatedAt": {
      "$date": "2023-12-29T12:08:46.271Z"
    },
    "__v": 0
  },
  {
    "_id": {
      "$oid": "658fba1d4e33e90cd200527d"
    },
    "message": "The new order is created from Udaipur, Rajasthan, India to Jaipur, Rajasthan, India",
    "createdAt": {
      "$date": "2023-12-30T06:35:09.689Z"
    },
    "updatedAt": {
      "$date": "2023-12-30T06:35:09.689Z"
    },
    "__v": 0
  },
  {
    "_id": {
      "$oid": "65939c839b0b437951f67bf5"
    },
    "message": "New driver is assigned from Jaipur, Rajasthan, India to Udaipur, Rajasthan, India",
    "driver_id": "65894b00220133c6ad836874",
    "createdAt": {
      "$date": "2024-01-02T05:17:55.859Z"
    },
    "updatedAt": {
      "$date": "2024-01-02T05:17:55.859Z"
    },
    "__v": 0
  },
  {
    "_id": {
      "$oid": "6594f3ab4c92bee226359f1c"
    },
    "message": "New driver is assigned from Jaipur, Rajasthan, India to Kota, Rajasthan, India",
    "driver_id": "65894b00220133c6ad836874",
    "createdAt": {
      "$date": "2024-01-03T05:42:03.222Z"
    },
    "updatedAt": {
      "$date": "2024-01-03T05:42:03.222Z"
    },
    "__v": 0
  },
  {
    "_id": {
      "$oid": "6595358ad42df50e2403b45e"
    },
    "message": "Tanvi Naraniya is updated the Admin role",
    "CreatedBy": "Tanvi Naraniya",
    "role_id": "653a5735701359acc481de33",
    "createdAt": {
      "$date": "2024-01-03T10:23:07.190Z"
    },
    "updatedAt": {
      "$date": "2024-01-03T10:23:07.190Z"
    },
    "__v": 0
  },
  {
    "_id": {
      "$oid": "659638860968606cac2d7ae9"
    },
    "message": "Tanvi Naraniya is updated the manager role",
    "CreatedBy": "Tanvi Naraniya",
    "role_id": "6530fae0a3f16287f1b6ec13",
    "createdAt": {
      "$date": "2024-01-04T04:48:07.086Z"
    },
    "updatedAt": {
      "$date": "2024-01-04T04:48:07.086Z"
    },
    "__v": 0
  },
  {
    "_id": {
      "$oid": "659638ef0968606cac2d7b9e"
    },
    "message": "vishal is updated the manager role",
    "CreatedBy": "vishal",
    "role_id": "6530fae0a3f16287f1b6ec13",
    "createdAt": {
      "$date": "2024-01-04T04:49:51.179Z"
    },
    "updatedAt": {
      "$date": "2024-01-04T04:49:51.179Z"
    },
    "__v": 0
  },
  {
    "_id": {
      "$oid": "6596972474e851dd3cf72d50"
    },
    "message": "Tanvi Naraniya is updated the Admin role",
    "CreatedBy": "Tanvi Naraniya",
    "role_id": "653a5735701359acc481de33",
    "createdAt": {
      "$date": "2024-01-04T11:31:48.350Z"
    },
    "updatedAt": {
      "$date": "2024-01-04T11:31:48.350Z"
    },
    "__v": 0
  },
  {
    "_id": {
      "$oid": "659b9083a20dc4f8616a85d1"
    },
    "message": "vishal is updated the manager role",
    "CreatedBy": "vishal",
    "role_id": "6530fae0a3f16287f1b6ec13",
    "createdAt": {
      "$date": "2024-01-08T06:04:51.931Z"
    },
    "updatedAt": {
      "$date": "2024-01-08T06:04:51.931Z"
    },
    "__v": 0
  },
  {
    "_id": {
      "$oid": "659ba97928b8e5b79d06bead"
    },
    "message": "vishal is updated the Admin role",
    "CreatedBy": "vishal",
    "role_id": "653a5735701359acc481de33",
    "createdAt": {
      "$date": "2024-01-08T07:51:21.868Z"
    },
    "updatedAt": {
      "$date": "2024-01-08T07:51:21.868Z"
    },
    "__v": 0
  },
  {
    "_id": {
      "$oid": "659bdce50e12bdb11e1894f5"
    },
    "message": "vishal is updated the manager role",
    "CreatedBy": "vishal",
    "role_id": "6530fae0a3f16287f1b6ec13",
    "createdAt": {
      "$date": "2024-01-08T11:30:45.871Z"
    },
    "updatedAt": {
      "$date": "2024-01-08T11:30:45.871Z"
    },
    "__v": 0
  },
  {
    "_id": {
      "$oid": "659bdd950e12bdb11e18950c"
    },
    "message": "New driver is assigned from Udaipur, Rajasthan, India to Jaipur, Rajasthan, India",
    "driver_id": "65894b00220133c6ad836874",
    "createdAt": {
      "$date": "2024-01-08T11:33:41.152Z"
    },
    "updatedAt": {
      "$date": "2024-01-08T11:33:41.152Z"
    },
    "__v": 0
  },
  {
    "_id": {
      "$oid": "659be280bdc4c495443d4b08"
    },
    "message": "vishal is updated the Admin role",
    "CreatedBy": "vishal",
    "role_id": "653a5735701359acc481de33",
    "createdAt": {
      "$date": "2024-01-08T11:54:40.984Z"
    },
    "updatedAt": {
      "$date": "2024-01-08T11:54:40.984Z"
    },
    "__v": 0
  },
  {
    "_id": {
      "$oid": "659be3fabdc4c495443d4bc6"
    },
    "message": "New driver is assigned from Jaipur, Rajasthan, India to Udaipur, Rajasthan, India",
    "driver_id": "65894b00220133c6ad836874",
    "createdAt": {
      "$date": "2024-01-08T12:00:58.238Z"
    },
    "updatedAt": {
      "$date": "2024-01-08T12:00:58.238Z"
    },
    "__v": 0
  },
  {
    "_id": {
      "$oid": "659ce9eabdc2410724e53f2f"
    },
    "message": "The new order is created from Jaipur, Rajasthan, India to Jodhpur, Rajasthan, India",
    "createdAt": {
      "$date": "2024-01-09T06:38:34.756Z"
    },
    "updatedAt": {
      "$date": "2024-01-09T06:38:34.756Z"
    },
    "__v": 0
  },
  {
    "_id": {
      "$oid": "659cec2bbdc2410724e53f3c"
    },
    "message": "The new order is created from Mumbai, Maharashtra, India to Jammu and Kashmir",
    "createdAt": {
      "$date": "2024-01-09T06:48:11.974Z"
    },
    "updatedAt": {
      "$date": "2024-01-09T06:48:11.974Z"
    },
    "__v": 0
  },
  {
    "_id": {
      "$oid": "659d20cac7f8aeb6ef83b76b"
    },
    "message": "The new order is created from Jaipur, Rajasthan, India to Kota, Rajasthan, India",
    "createdAt": {
      "$date": "2024-01-09T10:32:42.338Z"
    },
    "updatedAt": {
      "$date": "2024-01-09T10:32:42.338Z"
    },
    "__v": 0
  },
  {
    "_id": {
      "$oid": "659d233dc7f8aeb6ef83b778"
    },
    "message": "The new order is created from Kota, Rajasthan, India to Jaipur, Rajasthan, India",
    "createdAt": {
      "$date": "2024-01-09T10:43:09.483Z"
    },
    "updatedAt": {
      "$date": "2024-01-09T10:43:09.483Z"
    },
    "__v": 0
  },
  {
    "_id": {
      "$oid": "659e2671806b6d99f40da797"
    },
    "message": "ramiz is updated the manager test role",
    "CreatedBy": "ramiz",
    "role_id": "6530fae0a3f16287f1b6ec13",
    "createdAt": {
      "$date": "2024-01-10T05:09:05.484Z"
    },
    "updatedAt": {
      "$date": "2024-01-10T05:09:05.484Z"
    },
    "__v": 0
  },
  {
    "_id": {
      "$oid": "659e2b0e806b6d99f40da7d4"
    },
    "message": "test has been suspended",
    "CreatedBy": "ramiz",
    "ReceiverId": "659e2a77806b6d99f40da7b8",
    "createdAt": {
      "$date": "2024-01-10T05:28:46.833Z"
    },
    "updatedAt": {
      "$date": "2024-01-10T05:28:46.833Z"
    },
    "__v": 0
  },
  {
    "_id": {
      "$oid": "659e2b5c806b6d99f40da7dd"
    },
    "message": "test has updated your details",
    "CreatedBy": "test",
    "ReceiverId": "659e2a77806b6d99f40da7b8",
    "createdAt": {
      "$date": "2024-01-10T05:30:04.122Z"
    },
    "updatedAt": {
      "$date": "2024-01-10T05:30:04.122Z"
    },
    "__v": 0
  },
  {
    "_id": {
      "$oid": "659e45c7806b6d99f40da7e4"
    },
    "message": "The new order is created from Hartsfield–Jackson Atlanta International Airport (ATL) (ATL), North Terminal Parkway, Atlanta, GA, USA to 2301 Sullivan Road, College Park, GA, USA",
    "createdAt": {
      "$date": "2024-01-10T07:22:47.186Z"
    },
    "updatedAt": {
      "$date": "2024-01-10T07:22:47.186Z"
    },
    "__v": 0
  },
  {
    "_id": {
      "$oid": "65aa564a9fded9823b0002c0"
    },
    "message": "Tanvi Naraniya has updated your details",
    "CreatedBy": "Tanvi Naraniya",
    "ReceiverId": "6569677116641874d789d156",
    "createdAt": {
      "$date": "2024-01-19T11:00:26.589Z"
    },
    "updatedAt": {
      "$date": "2024-01-19T11:00:26.589Z"
    },
    "__v": 0
  },
  {
    "_id": {
      "$oid": "65aa565d9fded9823b0002d1"
    },
    "message": "Tanvi Naraniya has updated your details",
    "CreatedBy": "Tanvi Naraniya",
    "ReceiverId": "6569677116641874d789d156",
    "createdAt": {
      "$date": "2024-01-19T11:00:45.566Z"
    },
    "updatedAt": {
      "$date": "2024-01-19T11:00:45.566Z"
    },
    "__v": 0
  },
  {
    "_id": {
      "$oid": "65aa5e68bf96aff53ba51612"
    },
    "message": "vishal nagar has been suspended",
    "CreatedBy": "Tanvi Naraniya",
    "ReceiverId": "6569677116641874d789d156",
    "createdAt": {
      "$date": "2024-01-19T11:35:04.327Z"
    },
    "updatedAt": {
      "$date": "2024-01-19T11:35:04.327Z"
    },
    "__v": 0
  },
  {
    "_id": {
      "$oid": "65aa5e75bf96aff53ba5161b"
    },
    "message": "vishal nagar has been activated",
    "CreatedBy": "Tanvi Naraniya",
    "ReceiverId": "6569677116641874d789d156",
    "createdAt": {
      "$date": "2024-01-19T11:35:17.469Z"
    },
    "updatedAt": {
      "$date": "2024-01-19T11:35:17.469Z"
    },
    "__v": 0
  },
  {
    "_id": {
      "$oid": "65aa6693bf96aff53ba518cf"
    },
    "message": "Tanvi Naraniya has updated your details",
    "CreatedBy": "Tanvi Naraniya",
    "ReceiverId": "65894b00220133c6ad836874",
    "createdAt": {
      "$date": "2024-01-19T12:09:55.601Z"
    },
    "updatedAt": {
      "$date": "2024-01-19T12:09:55.601Z"
    },
    "__v": 0
  },
  {
    "_id": {
      "$oid": "65aa6f46bf96aff53ba51a38"
    },
    "message": "ramiz has been activated",
    "CreatedBy": "Tanvi Naraniya",
    "ReceiverId": "65894b00220133c6ad836874",
    "createdAt": {
      "$date": "2024-01-19T12:47:02.332Z"
    },
    "updatedAt": {
      "$date": "2024-01-19T12:47:02.332Z"
    },
    "__v": 0
  },
  {
    "_id": {
      "$oid": "65ae06671df4e53874abff36"
    },
    "message": "The new order is created from Hartsfield–Jackson Atlanta International Airport (ATL) (ATL), North Terminal Parkway, Atlanta, GA, USA to 2301 Sullivan Road, College Park, GA, USA",
    "createdAt": {
      "$date": "2024-01-22T06:08:39.256Z"
    },
    "updatedAt": {
      "$date": "2024-01-22T06:08:39.256Z"
    },
    "__v": 0
  },
  {
    "_id": {
      "$oid": "65ae4e5312ca8206dffdaadb"
    },
    "message": "vishal nagar has updated your details",
    "CreatedBy": "vishal nagar",
    "ReceiverId": "6569677116641874d789d156",
    "createdAt": {
      "$date": "2024-01-22T11:15:31.881Z"
    },
    "updatedAt": {
      "$date": "2024-01-22T11:15:31.881Z"
    },
    "__v": 0
  },
  {
    "_id": {
      "$oid": "65ae4e6012ca8206dffdaaee"
    },
    "message": "vishal nagar has updated your details",
    "CreatedBy": "vishal nagar",
    "ReceiverId": "6569677116641874d789d156",
    "createdAt": {
      "$date": "2024-01-22T11:15:44.469Z"
    },
    "updatedAt": {
      "$date": "2024-01-22T11:15:44.469Z"
    },
    "__v": 0
  },
  {
    "_id": {
      "$oid": "65af62125745978b034e653b"
    },
    "message": "Tanvi Naraniya has updated your details",
    "CreatedBy": "Tanvi Naraniya",
    "ReceiverId": "65894b00220133c6ad836874",
    "navigate": "staff",
    "createdAt": {
      "$date": "2024-01-23T06:52:02.277Z"
    },
    "updatedAt": {
      "$date": "2024-01-23T06:52:02.277Z"
    },
    "__v": 0
  },
  {
    "_id": {
      "$oid": "65af6291efd2949827ec1344"
    },
    "message": "New driver is assigned from Kota, Rajasthan, India to Jaipur, Rajasthan, India",
    "driver_id": "",
    "navigate": "booking",
    "createdAt": {
      "$date": "2024-01-23T06:54:09.500Z"
    },
    "updatedAt": {
      "$date": "2024-01-23T06:54:09.500Z"
    },
    "__v": 0
  },
  {
    "_id": {
      "$oid": "65af62f233fc103146c54d0a"
    },
    "message": "The new order is created from Hartsfield–Jackson Atlanta International Airport (ATL) (ATL), North Terminal Parkway, Atlanta, GA, USA to 2301 Sullivan Road, College Park, GA, USA",
    "navigate": "order",
    "createdAt": {
      "$date": "2024-01-23T06:55:46.456Z"
    },
    "updatedAt": {
      "$date": "2024-01-23T06:55:46.456Z"
    },
    "__v": 0
  },
  {
    "_id": {
      "$oid": "65af639618a9bc9f4f848e05"
    },
    "message": "Tanvi Test has been activated",
    "CreatedBy": "Tanvi Naraniya",
    "ReceiverId": "659001c60ba3fa89ac2e8d27",
    "navigate": "staff",
    "createdAt": {
      "$date": "2024-01-23T06:58:30.985Z"
    },
    "updatedAt": {
      "$date": "2024-01-23T06:58:30.985Z"
    },
    "__v": 0
  },
  {
    "_id": {
      "$oid": "65af864326072ee01e757952"
    },
    "message": "Tanvi Naraniya is updated the Admin role",
    "CreatedBy": "Tanvi Naraniya",
    "role_id": "653a5735701359acc481de33",
    "createdAt": {
      "$date": "2024-01-23T09:26:27.890Z"
    },
    "updatedAt": {
      "$date": "2024-01-23T09:26:27.890Z"
    },
    "__v": 0
  },
  {
    "_id": {
      "$oid": "65af86b7d9bd9ccec5d9cddf"
    },
    "message": "Tanvi Naraniya is updated the Admin role",
    "CreatedBy": "Tanvi Naraniya",
    "role_id": "653a5735701359acc481de33",
    "navigate": "roles",
    "createdAt": {
      "$date": "2024-01-23T09:28:23.763Z"
    },
    "updatedAt": {
      "$date": "2024-01-23T09:28:23.763Z"
    },
    "__v": 0
  },
  {
    "_id": {
      "$oid": "65af8aef521ee2395454630c"
    },
    "message": "Tanvi Naraniya is updated the manager role",
    "CreatedBy": "Tanvi Naraniya",
    "role_id": "6530fae0a3f16287f1b6ec13",
    "navigate": "roles",
    "createdAt": {
      "$date": "2024-01-23T09:46:23.796Z"
    },
    "updatedAt": {
      "$date": "2024-01-23T09:46:23.796Z"
    },
    "__v": 0
  },
  {
    "_id": {
      "$oid": "65af8b8b521ee2395454633e"
    },
    "message": "vishal nagar has updated your details",
    "CreatedBy": "vishal nagar",
    "ReceiverId": "659be302bdc4c495443d4b3a",
    "navigate": "staff",
    "createdAt": {
      "$date": "2024-01-23T09:48:59.470Z"
    },
    "updatedAt": {
      "$date": "2024-01-23T09:48:59.470Z"
    },
    "__v": 0
  },
  {
    "_id": {
      "$oid": "65b0988c5fb6e29c45e8634e"
    },
    "message": "The new order is created from Mumbai, Maharashtra, India to Udaipur, Rajasthan, India",
    "navigate": "order",
    "createdAt": {
      "$date": "2024-01-24T04:56:44.294Z"
    },
    "updatedAt": {
      "$date": "2024-01-24T04:56:44.294Z"
    },
    "__v": 0
  },
  {
    "_id": {
      "$oid": "65b09ad15fb6e29c45e86392"
    },
    "message": "New driver is assigned from Mumbai, Maharashtra, India to Udaipur, Rajasthan, India",
    "driver_id": "",
    "navigate": "booking",
    "createdAt": {
      "$date": "2024-01-24T05:06:25.068Z"
    },
    "updatedAt": {
      "$date": "2024-01-24T05:06:25.068Z"
    },
    "__v": 0
  },
  {
    "_id": {
      "$oid": "65b09b4b5fb6e29c45e863a0"
    },
    "message": "The new order is created from Jaipur, Rajasthan, India to Kolkata, West Bengal, India",
    "navigate": "order",
    "createdAt": {
      "$date": "2024-01-24T05:08:27.677Z"
    },
    "updatedAt": {
      "$date": "2024-01-24T05:08:27.677Z"
    },
    "__v": 0
  },
  {
    "_id": {
      "$oid": "65b0fdd13d5e8b94e32d29bf"
    },
    "message": "Tanvi Naraniya is updated the Admin role",
    "CreatedBy": "Tanvi Naraniya",
    "role_id": "653a5735701359acc481de33",
    "navigate": "roles",
    "createdAt": {
      "$date": "2024-01-24T12:08:49.526Z"
    },
    "updatedAt": {
      "$date": "2024-01-24T12:08:49.526Z"
    },
    "__v": 0
  },
  {
    "_id": {
      "$oid": "65b0fdf43d5e8b94e32d29f4"
    },
    "message": "Tanvi Naraniya is updated the Admin role",
    "CreatedBy": "Tanvi Naraniya",
    "role_id": "653a5735701359acc481de33",
    "navigate": "roles",
    "createdAt": {
      "$date": "2024-01-24T12:09:24.779Z"
    },
    "updatedAt": {
      "$date": "2024-01-24T12:09:24.779Z"
    },
    "__v": 0
  },
  {
    "_id": {
      "$oid": "65b0fe543d5e8b94e32d2a25"
    },
    "message": "Tanvi Naraniya is updated the Admin role",
    "CreatedBy": "Tanvi Naraniya",
    "role_id": "653a5735701359acc481de33",
    "navigate": "roles",
    "createdAt": {
      "$date": "2024-01-24T12:11:00.766Z"
    },
    "updatedAt": {
      "$date": "2024-01-24T12:11:00.766Z"
    },
    "__v": 0
  },
  {
    "_id": {
      "$oid": "65b779b7c90b457ce634c9f1"
    },
    "message": "The new order is created from Udaipur, Rajasthan, India to Mumbai, Maharashtra, India",
    "navigate": "order",
    "createdAt": {
      "$date": "2024-01-29T10:11:03.546Z"
    },
    "updatedAt": {
      "$date": "2024-01-29T10:11:03.546Z"
    },
    "__v": 0
  },
  {
    "_id": {
      "$oid": "667559a2931563ddbe6e8ec8"
    },
    "message": "The new order is created from Atlanta, GA, USA to Atlanta Airport - International Terminal, Maynard H. Jackson Jr. Boulevard, Atlanta, GA, USA",
    "navigate": "order",
    "createdAt": {
      "$date": "2024-06-21T10:44:50.319Z"
    },
    "updatedAt": {
      "$date": "2024-06-21T10:44:50.319Z"
    },
    "__v": 0
  },
  {
    "_id": {
      "$oid": "66755b83931563ddbe6e8ef2"
    },
    "message": "The new order is created from Atlanta, GA, USA to ATL airport (ATL), North Terminal Parkway, Atlanta, GA, USA",
    "navigate": "order",
    "createdAt": {
      "$date": "2024-06-21T10:52:51.538Z"
    },
    "updatedAt": {
      "$date": "2024-06-21T10:52:51.538Z"
    },
    "__v": 0
  },
  {
    "_id": {
      "$oid": "667a6507cd292279a30f6800"
    },
    "message": "New driver is assigned from Kota, Rajasthan, India to Jaipur, Rajasthan, India",
    "driver_id": "65894b00220133c6ad836874",
    "navigate": "booking",
    "createdAt": {
      "$date": "2024-06-25T06:34:47.189Z"
    },
    "updatedAt": {
      "$date": "2024-06-25T06:34:47.189Z"
    },
    "__v": 0
  },
  {
    "_id": {
      "$oid": "667a6695d22821bb965c796e"
    },
    "message": "New driver is assigned from Kota, Rajasthan, India to Jaipur, Rajasthan, India",
    "driver_id": "65894b00220133c6ad836874",
    "navigate": "booking",
    "createdAt": {
      "$date": "2024-06-25T06:41:25.311Z"
    },
    "updatedAt": {
      "$date": "2024-06-25T06:41:25.311Z"
    },
    "__v": 0
  },
  {
    "_id": {
      "$oid": "667a66bbd22821bb965c7973"
    },
    "message": "New driver is assigned from Kota, Rajasthan, India to Jaipur, Rajasthan, India",
    "driver_id": "65894b00220133c6ad836874",
    "navigate": "booking",
    "createdAt": {
      "$date": "2024-06-25T06:42:03.279Z"
    },
    "updatedAt": {
      "$date": "2024-06-25T06:42:03.279Z"
    },
    "__v": 0
  },
  {
    "_id": {
      "$oid": "667a66cad22821bb965c7978"
    },
    "message": "New driver is assigned from Kota, Rajasthan, India to Jaipur, Rajasthan, India",
    "driver_id": "65894b00220133c6ad8368746666",
    "navigate": "booking",
    "createdAt": {
      "$date": "2024-06-25T06:42:18.193Z"
    },
    "updatedAt": {
      "$date": "2024-06-25T06:42:18.193Z"
    },
    "__v": 0
  },
  {
    "_id": {
      "$oid": "667a87ebd99c27e1359cff08"
    },
    "message": "New driver is assigned from Kota, Rajasthan, India to Jaipur, Rajasthan, India",
    "driver_id": "65894b00220133c6ad836874",
    "navigate": "booking",
    "createdAt": {
      "$date": "2024-06-25T09:03:39.353Z"
    },
    "updatedAt": {
      "$date": "2024-06-25T09:03:39.353Z"
    },
    "__v": 0
  },
  {
    "_id": {
      "$oid": "667aaaaa436872abf87e00aa"
    },
    "message": "New driver is assigned from Atlanta, GA, USA to Atlanta Airport - International Terminal, Maynard H. Jackson Jr. Boulevard, Atlanta, GA, USA",
    "driver_id": "",
    "navigate": "booking",
    "createdAt": {
      "$date": "2024-06-25T11:31:54.827Z"
    },
    "updatedAt": {
      "$date": "2024-06-25T11:31:54.827Z"
    },
    "__v": 0
  },
  {
    "_id": {
      "$oid": "667aab01436872abf87e00bd"
    },
    "message": "New driver is assigned from Atlanta, GA, USA to ATL airport (ATL), North Terminal Parkway, Atlanta, GA, USA",
    "driver_id": "",
    "navigate": "booking",
    "createdAt": {
      "$date": "2024-06-25T11:33:21.776Z"
    },
    "updatedAt": {
      "$date": "2024-06-25T11:33:21.776Z"
    },
    "__v": 0
  },
  {
    "_id": {
      "$oid": "667aab33436872abf87e00ce"
    },
    "message": "New driver is assigned from Atlanta, GA, USA to ATL airport (ATL), North Terminal Parkway, Atlanta, GA, USA",
    "driver_id": "",
    "navigate": "booking",
    "createdAt": {
      "$date": "2024-06-25T11:34:11.042Z"
    },
    "updatedAt": {
      "$date": "2024-06-25T11:34:11.042Z"
    },
    "__v": 0
  },
  {
    "_id": {
      "$oid": "667ab9c2e6b00f333aec882f"
    },
    "message": "The new order is created from Hartsfield–Jackson Atlanta International Airport (ATL) (ATL), North Terminal Parkway, Atlanta, GA, USA to 2301 Sullivan Road, College Park, GA, USA",
    "navigate": "order",
    "createdAt": {
      "$date": "2024-06-25T12:36:18.860Z"
    },
    "updatedAt": {
      "$date": "2024-06-25T12:36:18.860Z"
    },
    "__v": 0
  },
  {
    "_id": {
      "$oid": "667aba4ec78c843fd0b8fbe3"
    },
    "message": "Tanvi Naraniya has updated your details",
    "CreatedBy": "Tanvi Naraniya",
    "ReceiverId": "65894b00220133c6ad836874",
    "navigate": "staff",
    "createdAt": {
      "$date": "2024-06-25T12:38:38.121Z"
    },
    "updatedAt": {
      "$date": "2024-06-25T12:38:38.121Z"
    },
    "__v": 0
  },
  {
    "_id": {
      "$oid": "667abc2ac78c843fd0b8fc7a"
    },
    "message": "New driver is assigned from Atlanta, GA, USA to ATL airport (ATL), North Terminal Parkway, Atlanta, GA, USA",
    "driver_id": "",
    "navigate": "booking",
    "createdAt": {
      "$date": "2024-06-25T12:46:34.164Z"
    },
    "updatedAt": {
      "$date": "2024-06-25T12:46:34.164Z"
    },
    "__v": 0
  },
  {
    "_id": {
      "$oid": "667abd45c78c843fd0b8fca6"
    },
    "message": "New driver is assigned from Atlanta, GA, USA to ATL airport (ATL), North Terminal Parkway, Atlanta, GA, USA",
    "driver_id": "",
    "navigate": "booking",
    "createdAt": {
      "$date": "2024-06-25T12:51:17.635Z"
    },
    "updatedAt": {
      "$date": "2024-06-25T12:51:17.635Z"
    },
    "__v": 0
  },
  {
    "_id": {
      "$oid": "667abdeb8dc49c8c43c495f9"
    },
    "message": "New driver is assigned from Atlanta, GA, USA to ATL airport (ATL), North Terminal Parkway, Atlanta, GA, USA",
    "driver_id": "",
    "navigate": "booking",
    "createdAt": {
      "$date": "2024-06-25T12:54:03.947Z"
    },
    "updatedAt": {
      "$date": "2024-06-25T12:54:03.947Z"
    },
    "__v": 0
  },
  {
    "_id": {
      "$oid": "667abe3d87e784898186b809"
    },
    "message": "New driver is assigned from Atlanta, GA, USA to ATL airport (ATL), North Terminal Parkway, Atlanta, GA, USA",
    "driver_id": "",
    "navigate": "booking",
    "createdAt": {
      "$date": "2024-06-25T12:55:25.621Z"
    },
    "updatedAt": {
      "$date": "2024-06-25T12:55:25.621Z"
    },
    "__v": 0
  },
  {
    "_id": {
      "$oid": "667abef5ff7833d9457db8b3"
    },
    "message": "New driver is assigned from Atlanta, GA, USA to Atlanta Airport - International Terminal, Maynard H. Jackson Jr. Boulevard, Atlanta, GA, USA",
    "driver_id": "",
    "navigate": "booking",
    "createdAt": {
      "$date": "2024-06-25T12:58:29.551Z"
    },
    "updatedAt": {
      "$date": "2024-06-25T12:58:29.551Z"
    },
    "__v": 0
  },
  {
    "_id": {
      "$oid": "667abffc87e784898186b80e"
    },
    "message": "New driver is assigned from Atlanta, GA, USA to Atlanta Airport - International Terminal, Maynard H. Jackson Jr. Boulevard, Atlanta, GA, USA",
    "driver_id": "",
    "navigate": "booking",
    "createdAt": {
      "$date": "2024-06-25T13:02:52.754Z"
    },
    "updatedAt": {
      "$date": "2024-06-25T13:02:52.754Z"
    },
    "__v": 0
  },
  {
    "_id": {
      "$oid": "667ac02673c062b7dba1deee"
    },
    "message": "New driver is assigned from Atlanta, GA, USA to Atlanta Airport - International Terminal, Maynard H. Jackson Jr. Boulevard, Atlanta, GA, USA",
    "driver_id": "",
    "navigate": "booking",
    "createdAt": {
      "$date": "2024-06-25T13:03:34.064Z"
    },
    "updatedAt": {
      "$date": "2024-06-25T13:03:34.064Z"
    },
    "__v": 0
  },
  {
    "_id": {
      "$oid": "667ac09b73c062b7dba1def2"
    },
    "message": "The new order is created from Hartsfield–Jackson Atlanta International Airport (ATL) (ATL), North Terminal Parkway, Atlanta, GA, USA to 2301 Sullivan Road, College Park, GA, USA",
    "navigate": "order",
    "createdAt": {
      "$date": "2024-06-25T13:05:31.530Z"
    },
    "updatedAt": {
      "$date": "2024-06-25T13:05:31.530Z"
    },
    "__v": 0
  },
  {
    "_id": {
      "$oid": "667ba3e548f4da95607a2b5a"
    },
    "message": "The new order is created from Hartsfield–Jackson Atlanta International Airport (ATL) (ATL), North Terminal Parkway, Atlanta, GA, USA to 2301 Sullivan Road, College Park, GA, USA",
    "navigate": "order",
    "createdAt": {
      "$date": "2024-06-26T05:15:17.813Z"
    },
    "updatedAt": {
      "$date": "2024-06-26T05:15:17.813Z"
    },
    "__v": 0
  },
  {
    "_id": {
      "$oid": "667ba40cbeeb39b97d492c8f"
    },
    "message": "The new order is created from Hartsfield–Jackson Atlanta International Airport (ATL) (ATL), North Terminal Parkway, Atlanta, GA, USA to 2301 Sullivan Road, College Park, GA, USA",
    "navigate": "order",
    "createdAt": {
      "$date": "2024-06-26T05:15:56.919Z"
    },
    "updatedAt": {
      "$date": "2024-06-26T05:15:56.919Z"
    },
    "__v": 0
  },
  {
    "_id": {
      "$oid": "667ba46bdc4733187eb7f7b2"
    },
    "message": "The new order is created from Hartsfield–Jackson Atlanta International Airport (ATL) (ATL), North Terminal Parkway, Atlanta, GA, USA to 2301 Sullivan Road, College Park, GA, USA",
    "navigate": "order",
    "createdAt": {
      "$date": "2024-06-26T05:17:31.949Z"
    },
    "updatedAt": {
      "$date": "2024-06-26T05:17:31.949Z"
    },
    "__v": 0
  },
  {
    "_id": {
      "$oid": "667ba52a5de5eab71c8daa9b"
    },
    "message": "The new order is created from Delhi, India to Jaipur, Rajasthan, India",
    "navigate": "order",
    "createdAt": {
      "$date": "2024-06-26T05:20:42.649Z"
    },
    "updatedAt": {
      "$date": "2024-06-26T05:20:42.649Z"
    },
    "__v": 0
  },
  {
    "_id": {
      "$oid": "667ba8189902ddda807b60d3"
    },
    "message": "The new order is created from Hartsfield–Jackson Atlanta International Airport (ATL) (ATL), North Terminal Parkway, Atlanta, GA, USA to 2301 Sullivan Road, College Park, GA, USA",
    "navigate": "order",
    "createdAt": {
      "$date": "2024-06-26T05:33:12.586Z"
    },
    "updatedAt": {
      "$date": "2024-06-26T05:33:12.586Z"
    },
    "__v": 0
  },
  {
    "_id": {
      "$oid": "667ba8569902ddda807b60d8"
    },
    "message": "The new order is created from Hartsfield–Jackson Atlanta International Airport (ATL) (ATL), North Terminal Parkway, Atlanta, GA, USA to 2301 Sullivan Road, College Park, GA, USA",
    "navigate": "order",
    "createdAt": {
      "$date": "2024-06-26T05:34:14.858Z"
    },
    "updatedAt": {
      "$date": "2024-06-26T05:34:14.858Z"
    },
    "__v": 0
  },
  {
    "_id": {
      "$oid": "667ba940e95ae01aab49826f"
    },
    "message": "The new order is created from Hartsfield–Jackson Atlanta International Airport (ATL) (ATL), North Terminal Parkway, Atlanta, GA, USA to 2301 Sullivan Road, College Park, GA, USA",
    "navigate": "order",
    "createdAt": {
      "$date": "2024-06-26T05:38:08.465Z"
    },
    "updatedAt": {
      "$date": "2024-06-26T05:38:08.465Z"
    },
    "__v": 0
  },
  {
    "_id": {
      "$oid": "667ba998ec349ae893ed333b"
    },
    "message": "The new order is created from Hartsfield–Jackson Atlanta International Airport (ATL) (ATL), North Terminal Parkway, Atlanta, GA, USA to 2301 Sullivan Road, College Park, GA, USA",
    "navigate": "order",
    "createdAt": {
      "$date": "2024-06-26T05:39:36.144Z"
    },
    "updatedAt": {
      "$date": "2024-06-26T05:39:36.144Z"
    },
    "__v": 0
  },
  {
    "_id": {
      "$oid": "667ba9b8ec349ae893ed333f"
    },
    "message": "The new order is created from Hartsfield–Jackson Atlanta International Airport (ATL) (ATL), North Terminal Parkway, Atlanta, GA, USA to 2301 Sullivan Road, College Park, GA, USA",
    "navigate": "order",
    "createdAt": {
      "$date": "2024-06-26T05:40:08.236Z"
    },
    "updatedAt": {
      "$date": "2024-06-26T05:40:08.236Z"
    },
    "__v": 0
  },
  {
    "_id": {
      "$oid": "667bae1ae3cd1a0773e9dba7"
    },
    "message": "The new order is created from Hartsfield–Jackson Atlanta International Airport (ATL) (ATL), North Terminal Parkway, Atlanta, GA, USA to 2301 Sullivan Road, College Park, GA, USA",
    "navigate": "order",
    "createdAt": {
      "$date": "2024-06-26T05:58:50.902Z"
    },
    "updatedAt": {
      "$date": "2024-06-26T05:58:50.902Z"
    },
    "__v": 0
  },
  {
    "_id": {
      "$oid": "667bae4dd7084f19e3de9666"
    },
    "message": "The new order is created from Hartsfield–Jackson Atlanta International Airport (ATL) (ATL), North Terminal Parkway, Atlanta, GA, USA to 2301 Sullivan Road, College Park, GA, USA",
    "navigate": "order",
    "createdAt": {
      "$date": "2024-06-26T05:59:41.115Z"
    },
    "updatedAt": {
      "$date": "2024-06-26T05:59:41.115Z"
    },
    "__v": 0
  },
  {
    "_id": {
      "$oid": "667baea6d7084f19e3de966b"
    },
    "message": "The new order is created from Hartsfield–Jackson Atlanta International Airport (ATL) (ATL), North Terminal Parkway, Atlanta, GA, USA to 2301 Sullivan Road, College Park, GA, USA",
    "navigate": "order",
    "createdAt": {
      "$date": "2024-06-26T06:01:10.559Z"
    },
    "updatedAt": {
      "$date": "2024-06-26T06:01:10.559Z"
    },
    "__v": 0
  },
  {
    "_id": {
      "$oid": "667bb07ed6d0a35f172f2bc9"
    },
    "message": "The new order is created from Hartsfield–Jackson Atlanta International Airport (ATL) (ATL), North Terminal Parkway, Atlanta, GA, USA to 2301 Sullivan Road, College Park, GA, USA",
    "navigate": "order",
    "createdAt": {
      "$date": "2024-06-26T06:09:02.438Z"
    },
    "updatedAt": {
      "$date": "2024-06-26T06:09:02.438Z"
    },
    "__v": 0
  },
  {
    "_id": {
      "$oid": "667bb0c1104fb00fca2a8a7d"
    },
    "message": "The new order is created from Hartsfield–Jackson Atlanta International Airport (ATL) (ATL), North Terminal Parkway, Atlanta, GA, USA to 2301 Sullivan Road, College Park, GA, USA",
    "navigate": "order",
    "createdAt": {
      "$date": "2024-06-26T06:10:09.319Z"
    },
    "updatedAt": {
      "$date": "2024-06-26T06:10:09.319Z"
    },
    "__v": 0
  },
  {
    "_id": {
      "$oid": "667bb284ad7c1e79ce3a5226"
    },
    "message": "The new order is created from Hartsfield–Jackson Atlanta International Airport (ATL) (ATL), North Terminal Parkway, Atlanta, GA, USA to 2301 Sullivan Road, College Park, GA, USA",
    "navigate": "order",
    "createdAt": {
      "$date": "2024-06-26T06:17:40.311Z"
    },
    "updatedAt": {
      "$date": "2024-06-26T06:17:40.311Z"
    },
    "__v": 0
  },
  {
    "_id": {
      "$oid": "667bb2a5eaf33abc2391da85"
    },
    "message": "The new order is created from Hartsfield–Jackson Atlanta International Airport (ATL) (ATL), North Terminal Parkway, Atlanta, GA, USA to 2301 Sullivan Road, College Park, GA, USA",
    "navigate": "order",
    "createdAt": {
      "$date": "2024-06-26T06:18:13.450Z"
    },
    "updatedAt": {
      "$date": "2024-06-26T06:18:13.450Z"
    },
    "__v": 0
  },
  {
    "_id": {
      "$oid": "667bb587b4f13a05a8a4c678"
    },
    "message": "The new order is created from Hartsfield–Jackson Atlanta International Airport (ATL) (ATL), North Terminal Parkway, Atlanta, GA, USA to 2301 Sullivan Road, College Park, GA, USA",
    "navigate": "order",
    "createdAt": {
      "$date": "2024-06-26T06:30:31.495Z"
    },
    "updatedAt": {
      "$date": "2024-06-26T06:30:31.495Z"
    },
    "__v": 0
  },
  {
    "_id": {
      "$oid": "667bb5b40634605312ee3155"
    },
    "message": "The new order is created from Hartsfield–Jackson Atlanta International Airport (ATL) (ATL), North Terminal Parkway, Atlanta, GA, USA to 2301 Sullivan Road, College Park, GA, USA",
    "navigate": "order",
    "createdAt": {
      "$date": "2024-06-26T06:31:16.861Z"
    },
    "updatedAt": {
      "$date": "2024-06-26T06:31:16.861Z"
    },
    "__v": 0
  },
  {
    "_id": {
      "$oid": "667bb5ff9360f8159b3ed2a5"
    },
    "message": "The new order is created from Hartsfield–Jackson Atlanta International Airport (ATL) (ATL), North Terminal Parkway, Atlanta, GA, USA to 2301 Sullivan Road, College Park, GA, USA",
    "navigate": "order",
    "createdAt": {
      "$date": "2024-06-26T06:32:31.635Z"
    },
    "updatedAt": {
      "$date": "2024-06-26T06:32:31.635Z"
    },
    "__v": 0
  },
  {
    "_id": {
      "$oid": "667bb6c1c013513ab31508d2"
    },
    "message": "The new order is created from Hartsfield–Jackson Atlanta International Airport (ATL) (ATL), North Terminal Parkway, Atlanta, GA, USA to 2301 Sullivan Road, College Park, GA, USA",
    "navigate": "order",
    "createdAt": {
      "$date": "2024-06-26T06:35:45.468Z"
    },
    "updatedAt": {
      "$date": "2024-06-26T06:35:45.468Z"
    },
    "__v": 0
  },
  {
    "_id": {
      "$oid": "667bb7223a9816c12c812b6e"
    },
    "message": "The new order is created from Hartsfield–Jackson Atlanta International Airport (ATL) (ATL), North Terminal Parkway, Atlanta, GA, USA to 2301 Sullivan Road, College Park, GA, USA",
    "navigate": "order",
    "createdAt": {
      "$date": "2024-06-26T06:37:22.302Z"
    },
    "updatedAt": {
      "$date": "2024-06-26T06:37:22.302Z"
    },
    "__v": 0
  },
  {
    "_id": {
      "$oid": "667bb81422bd37ba527619dd"
    },
    "message": "The new order is created from Hartsfield–Jackson Atlanta International Airport (ATL) (ATL), North Terminal Parkway, Atlanta, GA, USA to 2301 Sullivan Road, College Park, GA, USA",
    "navigate": "order",
    "createdAt": {
      "$date": "2024-06-26T06:41:24.230Z"
    },
    "updatedAt": {
      "$date": "2024-06-26T06:41:24.230Z"
    },
    "__v": 0
  },
  {
    "_id": {
      "$oid": "667bb850a374690bf136e153"
    },
    "message": "The new order is created from Hartsfield–Jackson Atlanta International Airport (ATL) (ATL), North Terminal Parkway, Atlanta, GA, USA to 2301 Sullivan Road, College Park, GA, USA",
    "navigate": "order",
    "createdAt": {
      "$date": "2024-06-26T06:42:24.561Z"
    },
    "updatedAt": {
      "$date": "2024-06-26T06:42:24.561Z"
    },
    "__v": 0
  },
  {
    "_id": {
      "$oid": "667bb94002d9e9b58ddba827"
    },
    "message": "The new order is created from Hartsfield–Jackson Atlanta International Airport (ATL) (ATL), North Terminal Parkway, Atlanta, GA, USA to 2301 Sullivan Road, College Park, GA, USA",
    "navigate": "order",
    "createdAt": {
      "$date": "2024-06-26T06:46:24.747Z"
    },
    "updatedAt": {
      "$date": "2024-06-26T06:46:24.747Z"
    },
    "__v": 0
  },
  {
    "_id": {
      "$oid": "667bb9d6b6336121d1fccab9"
    },
    "message": "The new order is created from Hartsfield–Jackson Atlanta International Airport (ATL) (ATL), North Terminal Parkway, Atlanta, GA, USA to 2301 Sullivan Road, College Park, GA, USA",
    "navigate": "order",
    "createdAt": {
      "$date": "2024-06-26T06:48:54.362Z"
    },
    "updatedAt": {
      "$date": "2024-06-26T06:48:54.362Z"
    },
    "__v": 0
  },
  {
    "_id": {
      "$oid": "667bba867906e7c3885e0dd0"
    },
    "message": "The new order is created from Hartsfield–Jackson Atlanta International Airport (ATL) (ATL), North Terminal Parkway, Atlanta, GA, USA to 2301 Sullivan Road, College Park, GA, USA",
    "navigate": "order",
    "createdAt": {
      "$date": "2024-06-26T06:51:50.835Z"
    },
    "updatedAt": {
      "$date": "2024-06-26T06:51:50.835Z"
    },
    "__v": 0
  },
  {
    "_id": {
      "$oid": "667bbaac0d839ffe6137099c"
    },
    "message": "The new order is created from Hartsfield–Jackson Atlanta International Airport (ATL) (ATL), North Terminal Parkway, Atlanta, GA, USA to 2301 Sullivan Road, College Park, GA, USA",
    "navigate": "order",
    "createdAt": {
      "$date": "2024-06-26T06:52:28.701Z"
    },
    "updatedAt": {
      "$date": "2024-06-26T06:52:28.701Z"
    },
    "__v": 0
  },
  {
    "_id": {
      "$oid": "667bbb95bacfe42103f739ff"
    },
    "message": "The new order is created from Hartsfield–Jackson Atlanta International Airport (ATL) (ATL), North Terminal Parkway, Atlanta, GA, USA to 2301 Sullivan Road, College Park, GA, USA",
    "navigate": "order",
    "createdAt": {
      "$date": "2024-06-26T06:56:21.889Z"
    },
    "updatedAt": {
      "$date": "2024-06-26T06:56:21.889Z"
    },
    "__v": 0
  },
  {
    "_id": {
      "$oid": "667bc2b9766be115865f781d"
    },
    "message": "The new order is created from Hartsfield–Jackson Atlanta International Airport (ATL) (ATL), North Terminal Parkway, Atlanta, GA, USA to 2301 Sullivan Road, College Park, GA, USA",
    "navigate": "order",
    "createdAt": {
      "$date": "2024-06-26T07:26:49.675Z"
    },
    "updatedAt": {
      "$date": "2024-06-26T07:26:49.675Z"
    },
    "__v": 0
  },
  {
    "_id": {
      "$oid": "667bc3a85b60036d5158fcdf"
    },
    "message": "The new order is created from Hartsfield–Jackson Atlanta International Airport (ATL) (ATL), North Terminal Parkway, Atlanta, GA, USA to 2301 Sullivan Road, College Park, GA, USA",
    "navigate": "order",
    "createdAt": {
      "$date": "2024-06-26T07:30:48.423Z"
    },
    "updatedAt": {
      "$date": "2024-06-26T07:30:48.423Z"
    },
    "__v": 0
  },
  {
    "_id": {
      "$oid": "667bc4ad8b3702bcd5c30644"
    },
    "message": "The new order is created from Hartsfield–Jackson Atlanta International Airport (ATL) (ATL), North Terminal Parkway, Atlanta, GA, USA to 2301 Sullivan Road, College Park, GA, USA",
    "navigate": "order",
    "createdAt": {
      "$date": "2024-06-26T07:35:09.168Z"
    },
    "updatedAt": {
      "$date": "2024-06-26T07:35:09.168Z"
    },
    "__v": 0
  },
  {
    "_id": {
      "$oid": "667bc69dfbfbb044ed5c356e"
    },
    "message": "The new order is created from Hartsfield–Jackson Atlanta International Airport (ATL) (ATL), North Terminal Parkway, Atlanta, GA, USA to 2301 Sullivan Road, College Park, GA, USA",
    "navigate": "order",
    "createdAt": {
      "$date": "2024-06-26T07:43:25.542Z"
    },
    "updatedAt": {
      "$date": "2024-06-26T07:43:25.542Z"
    },
    "__v": 0
  },
  {
    "_id": {
      "$oid": "667bc6e0f4fab24553b15a0d"
    },
    "message": "The new order is created from Hartsfield–Jackson Atlanta International Airport (ATL) (ATL), North Terminal Parkway, Atlanta, GA, USA to 2301 Sullivan Road, College Park, GA, USA",
    "navigate": "order",
    "createdAt": {
      "$date": "2024-06-26T07:44:32.229Z"
    },
    "updatedAt": {
      "$date": "2024-06-26T07:44:32.229Z"
    },
    "__v": 0
  },
  {
    "_id": {
      "$oid": "667bc731c23d8dd644dcbb42"
    },
    "message": "The new order is created from Hartsfield–Jackson Atlanta International Airport (ATL) (ATL), North Terminal Parkway, Atlanta, GA, USA to 2301 Sullivan Road, College Park, GA, USA",
    "navigate": "order",
    "createdAt": {
      "$date": "2024-06-26T07:45:53.964Z"
    },
    "updatedAt": {
      "$date": "2024-06-26T07:45:53.964Z"
    },
    "__v": 0
  },
  {
    "_id": {
      "$oid": "667bc91bc23d8dd644dcbb48"
    },
    "message": "The new order is created from Hartsfield–Jackson Atlanta International Airport (ATL) (ATL), North Terminal Parkway, Atlanta, GA, USA to 2301 Sullivan Road, College Park, GA, USA",
    "navigate": "order",
    "createdAt": {
      "$date": "2024-06-26T07:54:03.692Z"
    },
    "updatedAt": {
      "$date": "2024-06-26T07:54:03.692Z"
    },
    "__v": 0
  },
  {
    "_id": {
      "$oid": "667bca7eb73c6b8ab21aa0b2"
    },
    "message": "The new order is created from Hartsfield–Jackson Atlanta International Airport (ATL) (ATL), North Terminal Parkway, Atlanta, GA, USA to 2301 Sullivan Road, College Park, GA, USA",
    "navigate": "order",
    "createdAt": {
      "$date": "2024-06-26T07:59:58.416Z"
    },
    "updatedAt": {
      "$date": "2024-06-26T07:59:58.416Z"
    },
    "__v": 0
  },
  {
    "_id": {
      "$oid": "667bd52ddbd5fee37194dfc3"
    },
    "message": "The new order is created from Hartsfield–Jackson Atlanta International Airport (ATL) (ATL), North Terminal Parkway, Atlanta, GA, USA to 2301 Sullivan Road, College Park, GA, USA",
    "navigate": "order",
    "createdAt": {
      "$date": "2024-06-26T08:45:33.342Z"
    },
    "updatedAt": {
      "$date": "2024-06-26T08:45:33.342Z"
    },
    "__v": 0
  },
  {
    "_id": {
      "$oid": "667bd80932a38daf3d0e2915"
    },
    "message": "The new order is created from Jodhpur, Rajasthan, India to Jaipur, Rajasthan, India",
    "navigate": "order",
    "createdAt": {
      "$date": "2024-06-26T08:57:45.655Z"
    },
    "updatedAt": {
      "$date": "2024-06-26T08:57:45.655Z"
    },
    "__v": 0
  },
  {
    "_id": {
      "$oid": "667bda1e4be4d6067ee7ea90"
    },
    "message": "The new order is created from Hartsfield–Jackson Atlanta International Airport (ATL) (ATL), North Terminal Parkway, Atlanta, GA, USA to 2301 Sullivan Road, College Park, GA, USA",
    "navigate": "order",
    "createdAt": {
      "$date": "2024-06-26T09:06:38.777Z"
    },
    "updatedAt": {
      "$date": "2024-06-26T09:06:38.777Z"
    },
    "__v": 0
  },
  {
    "_id": {
      "$oid": "667bdb892fd4505b878f9287"
    },
    "message": "The new order is created from Hartsfield–Jackson Atlanta International Airport (ATL) (ATL), North Terminal Parkway, Atlanta, GA, USA to 2301 Sullivan Road, College Park, GA, USA",
    "navigate": "order",
    "createdAt": {
      "$date": "2024-06-26T09:12:41.700Z"
    },
    "updatedAt": {
      "$date": "2024-06-26T09:12:41.700Z"
    },
    "__v": 0
  },
  {
    "_id": {
      "$oid": "667bdbe6fd77ff4b737b21c2"
    },
    "message": "The new order is created from Hartsfield–Jackson Atlanta International Airport (ATL) (ATL), North Terminal Parkway, Atlanta, GA, USA to 2301 Sullivan Road, College Park, GA, USA",
    "navigate": "order",
    "createdAt": {
      "$date": "2024-06-26T09:14:14.978Z"
    },
    "updatedAt": {
      "$date": "2024-06-26T09:14:14.978Z"
    },
    "__v": 0
  },
  {
    "_id": {
      "$oid": "667bf081138fcbd2db4a0609"
    },
    "message": "The new order is created from Jaipur, Rajasthan, India to Udaipur, Rajasthan, India",
    "navigate": "order",
    "createdAt": {
      "$date": "2024-06-26T10:42:09.967Z"
    },
    "updatedAt": {
      "$date": "2024-06-26T10:42:09.967Z"
    },
    "__v": 0
  },
  {
    "_id": {
      "$oid": "667bf1fbb61bff0c8bae504a"
    },
    "message": "The new order is created from Jaipur, Rajasthan, India to Udaipur, Rajasthan, India",
    "navigate": "order",
    "createdAt": {
      "$date": "2024-06-26T10:48:27.794Z"
    },
    "updatedAt": {
      "$date": "2024-06-26T10:48:27.794Z"
    },
    "__v": 0
  },
  {
    "_id": {
      "$oid": "667bf40d394b527df8c33c86"
    },
    "message": "The new order is created from Hartsfield–Jackson Atlanta International Airport (ATL) (ATL), North Terminal Parkway, Atlanta, GA, USA to 2301 Sullivan Road, College Park, GA, USA",
    "navigate": "order",
    "createdAt": {
      "$date": "2024-06-26T10:57:17.198Z"
    },
    "updatedAt": {
      "$date": "2024-06-26T10:57:17.198Z"
    },
    "__v": 0
  },
  {
    "_id": {
      "$oid": "667bf513a34e6fe6b2d1c0e3"
    },
    "message": "The new order is created from Jaipur, Rajasthan, India to Udaipur, Rajasthan, India",
    "navigate": "order",
    "createdAt": {
      "$date": "2024-06-26T11:01:39.432Z"
    },
    "updatedAt": {
      "$date": "2024-06-26T11:01:39.432Z"
    },
    "__v": 0
  },
  {
    "_id": {
      "$oid": "667c1113939d47c258345895"
    },
    "message": "New driver is assigned from Jaipur, Rajasthan, India to Udaipur, Rajasthan, India",
    "driver_id": "",
    "navigate": "booking",
    "createdAt": {
      "$date": "2024-06-26T13:01:07.088Z"
    },
    "updatedAt": {
      "$date": "2024-06-26T13:01:07.088Z"
    },
    "__v": 0
  },
  {
    "_id": {
      "$oid": "667c15dc9cfa5e4d27d6b51f"
    },
    "message": "The new order is created from Kota, Rajasthan, India to Udaipur, Rajasthan, India",
    "navigate": "order",
    "createdAt": {
      "$date": "2024-06-26T13:21:32.590Z"
    },
    "updatedAt": {
      "$date": "2024-06-26T13:21:32.590Z"
    },
    "__v": 0
  },
  {
    "_id": {
      "$oid": "667c16629cfa5e4d27d6b530"
    },
    "message": "The new order is created from Jaipur, Rajasthan, India to Mumbai, Maharashtra, India",
    "navigate": "order",
    "createdAt": {
      "$date": "2024-06-26T13:23:46.611Z"
    },
    "updatedAt": {
      "$date": "2024-06-26T13:23:46.611Z"
    },
    "__v": 0
  },
  {
    "_id": {
      "$oid": "667c177f9cfa5e4d27d6b558"
    },
    "message": "The new order is created from Jodhpur, Rajasthan, India to Jaipur, Rajasthan, India",
    "navigate": "order",
    "createdAt": {
      "$date": "2024-06-26T13:28:31.602Z"
    },
    "updatedAt": {
      "$date": "2024-06-26T13:28:31.602Z"
    },
    "__v": 0
  },
  {
    "_id": {
      "$oid": "667cec4e9c220cb47e3d1d35"
    },
    "message": "The new order is created from Hartsfield–Jackson Atlanta International Airport (ATL) (ATL), North Terminal Parkway, Atlanta, GA, USA to 2301 Sullivan Road, College Park, GA, USA",
    "navigate": "order",
    "createdAt": {
      "$date": "2024-06-27T04:36:30.811Z"
    },
    "updatedAt": {
      "$date": "2024-06-27T04:36:30.811Z"
    },
    "__v": 0
  },
  {
    "_id": {
      "$oid": "667d01f6a4766eb06f17c88e"
    },
    "message": "The new order is created from Jaipur, Rajasthan, India to Udaipur, Rajasthan, India",
    "navigate": "order",
    "createdAt": {
      "$date": "2024-06-27T06:08:54.173Z"
    },
    "updatedAt": {
      "$date": "2024-06-27T06:08:54.173Z"
    },
    "__v": 0
  },
  {
    "_id": {
      "$oid": "667d0459cd3c05ff1841ef7f"
    },
    "message": "New driver is assigned from Jaipur, Rajasthan, India to Mumbai, Maharashtra, India",
    "driver_id": "",
    "navigate": "booking",
    "createdAt": {
      "$date": "2024-06-27T06:19:05.084Z"
    },
    "updatedAt": {
      "$date": "2024-06-27T06:19:05.084Z"
    },
    "__v": 0
  },
  {
    "_id": {
      "$oid": "667d25ac23fc9c30ba79b6a3"
    },
    "message": "The new order is created from Jaipur, Rajasthan, India to Udaipur, Rajasthan, India",
    "navigate": "order",
    "createdAt": {
      "$date": "2024-06-27T08:41:16.335Z"
    },
    "updatedAt": {
      "$date": "2024-06-27T08:41:16.335Z"
    },
    "__v": 0
  },
  {
    "_id": {
      "$oid": "667d35c7394cadbe5347ebb8"
    },
    "message": "New driver is assigned from Jaipur, Rajasthan, India to Udaipur, Rajasthan, India",
    "driver_id": "",
    "navigate": "booking",
    "createdAt": {
      "$date": "2024-06-27T09:49:59.254Z"
    },
    "updatedAt": {
      "$date": "2024-06-27T09:49:59.254Z"
    },
    "__v": 0
  },
  {
    "_id": {
      "$oid": "667d47bebc026cd3f8021fa1"
    },
    "message": "The new order is created from Hartsfield–Jackson Atlanta International Airport (ATL) (ATL), North Terminal Parkway, Atlanta, GA, USA to 2301 Sullivan Road, College Park, GA, USA",
    "navigate": "order",
    "createdAt": {
      "$date": "2024-06-27T11:06:38.810Z"
    },
    "updatedAt": {
      "$date": "2024-06-27T11:06:38.810Z"
    },
    "__v": 0
  },
  {
    "_id": {
      "$oid": "667d4943cb13395e667c70d6"
    },
    "message": "The new order is created from Hartsfield–Jackson Atlanta International Airport (ATL) (ATL), North Terminal Parkway, Atlanta, GA, USA to 2301 Sullivan Road, College Park, GA, USA",
    "navigate": "order",
    "createdAt": {
      "$date": "2024-06-27T11:13:07.599Z"
    },
    "updatedAt": {
      "$date": "2024-06-27T11:13:07.599Z"
    },
    "__v": 0
  },
  {
    "_id": {
      "$oid": "667d4983cb13395e667c70dd"
    },
    "message": "The new order is created from Hartsfield–Jackson Atlanta International Airport (ATL) (ATL), North Terminal Parkway, Atlanta, GA, USA to 2301 Sullivan Road, College Park, GA, USA",
    "navigate": "order",
    "createdAt": {
      "$date": "2024-06-27T11:14:11.182Z"
    },
    "updatedAt": {
      "$date": "2024-06-27T11:14:11.182Z"
    },
    "__v": 0
  },
  {
    "_id": {
      "$oid": "667d4995cb13395e667c70e4"
    },
    "message": "The new order is created from Hartsfield–Jackson Atlanta International Airport (ATL) (ATL), North Terminal Parkway, Atlanta, GA, USA to 2301 Sullivan Road, College Park, GA, USA",
    "navigate": "order",
    "createdAt": {
      "$date": "2024-06-27T11:14:29.415Z"
    },
    "updatedAt": {
      "$date": "2024-06-27T11:14:29.415Z"
    },
    "__v": 0
  },
  {
    "_id": {
      "$oid": "667d4da8394cadbe5347ece8"
    },
    "message": "Tanvi Naraniya is updated the Admin role",
    "CreatedBy": "Tanvi Naraniya",
    "role_id": "653a5735701359acc481de33",
    "navigate": "roles",
    "createdAt": {
      "$date": "2024-06-27T11:31:52.079Z"
    },
    "updatedAt": {
      "$date": "2024-06-27T11:31:52.079Z"
    },
    "__v": 0
  },
  {
    "_id": {
      "$oid": "667d4f0a0e3832e75a681a4a"
    },
    "message": "The new order is created from Hartsfield–Jackson Atlanta International Airport (ATL) (ATL), North Terminal Parkway, Atlanta, GA, USA to 2301 Sullivan Road, College Park, GA, USA",
    "navigate": "order",
    "createdAt": {
      "$date": "2024-06-27T11:37:46.486Z"
    },
    "updatedAt": {
      "$date": "2024-06-27T11:37:46.486Z"
    },
    "__v": 0
  },
  {
    "_id": {
      "$oid": "667d598c15b2c96d22ab43e6"
    },
    "message": "The new order is created from Hartsfield–Jackson Atlanta International Airport (ATL) (ATL), North Terminal Parkway, Atlanta, GA, USA to 2301 Sullivan Road, College Park, GA, USA",
    "navigate": "order",
    "createdAt": {
      "$date": "2024-06-27T12:22:36.027Z"
    },
    "updatedAt": {
      "$date": "2024-06-27T12:22:36.027Z"
    },
    "__v": 0
  },
  {
    "_id": {
      "$oid": "667d5a1fe6da818b0e46d6b9"
    },
    "message": "The new order is created from Hartsfield–Jackson Atlanta International Airport (ATL) (ATL), North Terminal Parkway, Atlanta, GA, USA to 2301 Sullivan Road, College Park, GA, USA",
    "navigate": "order",
    "createdAt": {
      "$date": "2024-06-27T12:25:03.641Z"
    },
    "updatedAt": {
      "$date": "2024-06-27T12:25:03.641Z"
    },
    "__v": 0
  },
  {
    "_id": {
      "$oid": "667d5a52e6da818b0e46d6c1"
    },
    "message": "The new order is created from Hartsfield–Jackson Atlanta International Airport (ATL) (ATL), North Terminal Parkway, Atlanta, GA, USA to 2301 Sullivan Road, College Park, GA, USA",
    "navigate": "order",
    "createdAt": {
      "$date": "2024-06-27T12:25:54.504Z"
    },
    "updatedAt": {
      "$date": "2024-06-27T12:25:54.504Z"
    },
    "__v": 0
  },
  {
    "_id": {
      "$oid": "667d5b2480f26c4938e3b464"
    },
    "message": "The new order is created from Hartsfield–Jackson Atlanta International Airport (ATL) (ATL), North Terminal Parkway, Atlanta, GA, USA to 2301 Sullivan Road, College Park, GA, USA",
    "navigate": "order",
    "createdAt": {
      "$date": "2024-06-27T12:29:24.941Z"
    },
    "updatedAt": {
      "$date": "2024-06-27T12:29:24.941Z"
    },
    "__v": 0
  },
  {
    "_id": {
      "$oid": "667d5b5780f26c4938e3b46b"
    },
    "message": "The new order is created from Hartsfield–Jackson Atlanta International Airport (ATL) (ATL), North Terminal Parkway, Atlanta, GA, USA to 2301 Sullivan Road, College Park, GA, USA",
    "navigate": "order",
    "createdAt": {
      "$date": "2024-06-27T12:30:15.660Z"
    },
    "updatedAt": {
      "$date": "2024-06-27T12:30:15.660Z"
    },
    "__v": 0
  },
  {
    "_id": {
      "$oid": "667d5ba16c46821e42922f72"
    },
    "message": "The new order is created from Hartsfield–Jackson Atlanta International Airport (ATL) (ATL), North Terminal Parkway, Atlanta, GA, USA to 2301 Sullivan Road, College Park, GA, USA",
    "navigate": "order",
    "createdAt": {
      "$date": "2024-06-27T12:31:29.246Z"
    },
    "updatedAt": {
      "$date": "2024-06-27T12:31:29.246Z"
    },
    "__v": 0
  },
  {
    "_id": {
      "$oid": "667d5bd409e3a512429ea164"
    },
    "message": "The new order is created from Hartsfield–Jackson Atlanta International Airport (ATL) (ATL), North Terminal Parkway, Atlanta, GA, USA to 2301 Sullivan Road, College Park, GA, USA",
    "navigate": "order",
    "createdAt": {
      "$date": "2024-06-27T12:32:20.039Z"
    },
    "updatedAt": {
      "$date": "2024-06-27T12:32:20.039Z"
    },
    "__v": 0
  }
]